-- phpMyAdmin SQL Dump
-- version 5.2.0
-- https://www.phpmyadmin.net/
--
-- Host: 127.0.0.1
-- Generation Time: Sep 15, 2023 at 11:12 AM
-- Server version: 10.4.27-MariaDB
-- PHP Version: 8.0.25

SET SQL_MODE = "NO_AUTO_VALUE_ON_ZERO";
START TRANSACTION;
SET time_zone = "+00:00";


/*!40101 SET @OLD_CHARACTER_SET_CLIENT=@@CHARACTER_SET_CLIENT */;
/*!40101 SET @OLD_CHARACTER_SET_RESULTS=@@CHARACTER_SET_RESULTS */;
/*!40101 SET @OLD_COLLATION_CONNECTION=@@COLLATION_CONNECTION */;
/*!40101 SET NAMES utf8mb4 */;

--
-- Database: `supplies`
--

-- --------------------------------------------------------

--
-- Table structure for table `analysis`
--

CREATE TABLE `analysis` (
  `an_id` int(11) NOT NULL,
  `prod_id` int(11) NOT NULL,
  `an_total` double DEFAULT NULL
) ENGINE=InnoDB DEFAULT CHARSET=utf8mb4 COLLATE=utf8mb4_general_ci;

--
-- Dumping data for table `analysis`
--

INSERT INTO `analysis` (`an_id`, `prod_id`, `an_total`) VALUES
(380, 26, 7263),
(381, 28, 8693),
(382, 29, 5237),
(383, 30, 7235),
(384, 31, 7449),
(385, 32, 7699),
(386, 33, 2157),
(387, 34, 3951),
(388, 35, 4965),
(389, 36, 8863),
(390, 37, 2293),
(391, 38, 5026),
(392, 39, 5016);

-- --------------------------------------------------------

--
-- Table structure for table `categories`
--

CREATE TABLE `categories` (
  `cat_id` int(11) NOT NULL,
  `itemtype` int(11) NOT NULL,
  `categ_description` varchar(255) NOT NULL,
  `isAvailable` int(1) DEFAULT NULL
) ENGINE=InnoDB DEFAULT CHARSET=utf8mb4 COLLATE=utf8mb4_general_ci;

--
-- Dumping data for table `categories`
--

INSERT INTO `categories` (`cat_id`, `itemtype`, `categ_description`, `isAvailable`) VALUES
(5, 1, 'Pesticides or Pest Repellents', 1),
(6, 1, 'Solvents', 1),
(7, 1, 'Color Compounds and Dispersions', 1),
(8, 1, 'Films', 1),
(9, 1, 'Paper Materials and Products', 1),
(10, 1, 'Batteries and Cells and Accessories', 1),
(11, 1, 'Manufacturing Components and Supplies', 1),
(13, 1, 'Lighting and Fixtures and Accessories', 1),
(14, 2, 'Measuring and Observing and Testing Equipment', 1),
(15, 1, 'Cleaning Equipment and Supplies', 1),
(16, 2, 'Information and Communication Technology (ICT) Equipment and Devices and Accessories', 1),
(29, 2, 'Heating and Ventilation and Air Circulation', 1),
(30, 2, 'Audio and Visual Equipment and Supplies', 1),
(32, 2, 'Software', 1),
(33, 2, 'Common ICT Equipment', 1),
(34, 2, 'Photographic or filming or video equipment', 1);

-- --------------------------------------------------------

--
-- Table structure for table `claim_status`
--

CREATE TABLE `claim_status` (
  `claim_status_id` int(11) NOT NULL,
  `claim_status_description` varchar(255) NOT NULL
) ENGINE=InnoDB DEFAULT CHARSET=utf8mb4 COLLATE=utf8mb4_general_ci;

--
-- Dumping data for table `claim_status`
--

INSERT INTO `claim_status` (`claim_status_id`, `claim_status_description`) VALUES
(1, 'For Claim'),
(2, 'Claimed'),
(3, 'Returned');

-- --------------------------------------------------------

--
-- Table structure for table `critical`
--

CREATE TABLE `critical` (
  `id` int(11) NOT NULL,
  `minimum` int(11) NOT NULL
) ENGINE=InnoDB DEFAULT CHARSET=utf8mb4 COLLATE=utf8mb4_general_ci;

--
-- Dumping data for table `critical`
--

INSERT INTO `critical` (`id`, `minimum`) VALUES
(1, 10);

-- --------------------------------------------------------

--
-- Table structure for table `department`
--

CREATE TABLE `department` (
  `department_id` int(11) NOT NULL,
  `department_name` varchar(255) DEFAULT NULL,
  `dept_type` int(11) DEFAULT NULL
) ENGINE=InnoDB DEFAULT CHARSET=utf8mb4 COLLATE=utf8mb4_general_ci;

--
-- Dumping data for table `department`
--

INSERT INTO `department` (`department_id`, `department_name`, `dept_type`) VALUES
(1, 'IT Department', 1),
(2, 'Civil Engineering', 1),
(3, 'Library', 2),
(4, 'Utilities', 2),
(5, 'Supplies Department', 3),
(6, 'N/A', 3),
(30, 'Math', 1),
(31, 'AB English', 1);

-- --------------------------------------------------------

--
-- Table structure for table `items`
--

CREATE TABLE `items` (
  `item_id` int(11) NOT NULL,
  `item_code` varchar(255) NOT NULL,
  `item_description` varchar(255) NOT NULL,
  `item_type` int(11) NOT NULL,
  `item_category` int(11) NOT NULL,
  `measurement` int(11) NOT NULL,
  `supplier` int(11) NOT NULL,
  `quantity` int(11) NOT NULL,
  `available` int(11) NOT NULL,
  `date_modified` varchar(255) NOT NULL
) ENGINE=InnoDB DEFAULT CHARSET=utf8mb4 COLLATE=utf8mb4_general_ci;

--
-- Dumping data for table `items`
--

INSERT INTO `items` (`item_id`, `item_code`, `item_description`, `item_type`, `item_category`, `measurement`, `supplier`, `quantity`, `available`, `date_modified`) VALUES
(26, '1674230366-SNN-UR', 'DOCUMENT CAMERA, 3.2M pixels', 2, 30, 10, 39, 10, 1, '1674898308779'),
(28, '1674232767-SUP-UR', 'INSECTICIDE, aerosol type, net content: 600ml min', 1, 5, 1, 41, 4, 1, '1674232767445'),
(29, '1674232852-SNN-UR', 'Desktop Computer, branded', 2, 16, 10, 42, 8, 1, '1674898297051'),
(30, '1674606109-SUP-UR', 'ALCOHOL, ethyl, 68%-70%, scented, 500ml (-5ml)', 1, 6, 2, 40, 16, 1, '1674898267019'),
(31, '1674606291-SUP-UR', 'RECORD BOOK, 500 PAGES, size: 214mm x 278mm min', 1, 9, 14, 41, 6, 1, '1674606291503'),
(32, '1674606591-SNN-UR', 'UNINTERRUPTIBLE POWER SUPPLY (UPS)', 2, 33, 10, 39, 6, 1, '1674606592095'),
(33, '1674857768-SUP-UR', 'GLUE, all purpose, gross weight: 200 grams min', 1, 11, 8, 42, 95, 1, '1674857769029'),
(34, '1674858037-SUP-UR', 'STAPLE WIRE, for heavy duty staplers, (23/13)', 1, 11, 4, 42, 40, 1, '1674858037366'),
(35, '1674858074-SUP-UR', 'TAPE, ELECTRICAL, 18mm x 16M min', 1, 11, 3, 42, 89, 1, '1674858075118'),
(36, '1674865360-SUP-UR', 'TWINE, plastic, one (1) kilo per roll', 1, 11, 3, 41, 30, 1, '1674865360775'),
(37, '1675920246-SUP-UR', 'Garbage Bags', 1, 15, 3, 43, 1625, 1, '1675920246617'),
(38, '1676186001-SNN-UR', 'ELECTRIC FAN, INDUSTRIAL, ground type, metal blade', 2, 29, 10, 42, 24, 1, '1676186001660'),
(39, '1676186659-SNN-UR', 'ELECTRIC FAN, ORBIT type, ceiling,  metal blade', 2, 29, 10, 42, 22, 1, '1676186659558');

-- --------------------------------------------------------

--
-- Table structure for table `itemtype`
--

CREATE TABLE `itemtype` (
  `id` int(11) NOT NULL,
  `type_description` varchar(255) NOT NULL
) ENGINE=InnoDB DEFAULT CHARSET=utf8mb4 COLLATE=utf8mb4_general_ci;

--
-- Dumping data for table `itemtype`
--

INSERT INTO `itemtype` (`id`, `type_description`) VALUES
(1, 'Consumable'),
(2, 'Non-Consumable');

-- --------------------------------------------------------

--
-- Table structure for table `list`
--

CREATE TABLE `list` (
  `list_id` int(11) NOT NULL,
  `owner` int(11) NOT NULL,
  `item` int(11) NOT NULL,
  `item_quantity` int(11) NOT NULL,
  `item_type` int(11) DEFAULT NULL,
  `request_id` int(11) DEFAULT NULL
) ENGINE=InnoDB DEFAULT CHARSET=utf8mb4 COLLATE=utf8mb4_general_ci;

--
-- Dumping data for table `list`
--

INSERT INTO `list` (`list_id`, `owner`, `item`, `item_quantity`, `item_type`, `request_id`) VALUES
(165, 9, 32, 2, 2, 112),
(166, 9, 26, 2, 2, 113),
(167, 9, 30, 2, 1, 114),
(168, 10, 31, 1, 1, 116),
(169, 10, 29, 3, 2, 115),
(170, 10, 26, 2, 2, 115),
(171, 14, 29, 1, 2, 117),
(172, 14, 32, 1, 2, 118),
(173, 12, 35, 10, 1, 119),
(174, 12, 28, 1, 1, 119),
(175, 15, 33, 5, 1, 120),
(176, 15, 31, 1, 1, 120),
(177, 9, 39, 1, 2, 121),
(178, 9, 30, 2, 1, 122),
(179, 14, 38, 1, 2, 123);

-- --------------------------------------------------------

--
-- Table structure for table `log`
--

CREATE TABLE `log` (
  `log_id` int(11) NOT NULL,
  `log_owner` int(11) NOT NULL,
  `log_description` varchar(255) DEFAULT NULL,
  `log_date` datetime DEFAULT NULL
) ENGINE=InnoDB DEFAULT CHARSET=utf8mb4 COLLATE=utf8mb4_general_ci;

--
-- Dumping data for table `log`
--

INSERT INTO `log` (`log_id`, `log_owner`, `log_description`, `log_date`) VALUES
(53, 2, 'INSECTICIDE, aerosol type, net content: 600ml min - Consumable Item has been Added', '2023-01-21 12:40:33'),
(54, 2, 'Desktop Computer, branded - Non Consumable Item has been Added', '2023-01-21 12:41:18'),
(55, 2, 'Supplier 3M Office Supplies and Equipment Trading is Added', '2023-01-21 07:28:48'),
(56, 2, 'ALCOHOL, ethyl, 68%-70%, scented, 500ml (-5ml) - Consumable Item has been Added', '2023-01-25 08:22:53'),
(57, 2, 'RECORD BOOK, 500 PAGES, size: 214mm x 278mm min - Consumable Item has been Added', '2023-01-25 08:25:29'),
(58, 2, 'UNINTERRUPTIBLE POWER SUPPLY (UPS) - Non Consumable Item has been Added', '2023-01-25 08:30:41'),
(59, 2, 'GLUE, all purpose, gross weight: 200 grams min - Consumable Item has been Added', '2023-01-28 06:20:00'),
(60, 2, 'STAPLE WIRE, for heavy duty staplers, (23/13) - Consumable Item has been Added', '2023-01-28 06:21:14'),
(61, 2, 'TAPE, ELECTRICAL, 18mm x 16M min - Consumable Item has been Added', '2023-01-28 06:21:45'),
(62, 2, 'TWINE, plastic, one (1) kilo per roll - Consumable Item has been Added', '2023-01-28 08:23:28'),
(63, 2, 'Supplier JOFIG ENTERPRISE is Added', '2023-01-30 11:20:36'),
(64, 2, '(1) quantity has been Added to item Desktop Computer, branded', '2023-01-30 10:07:30'),
(65, 2, '(1) quantity has been Added to item TWINE, plastic, one (1) kilo per roll', '2023-01-30 10:11:03'),
(66, 2, '(1) quantity has been Added to item RECORD BOOK, 500 PAGES, size: 214mm x 278mm min', '2023-01-30 10:11:38'),
(67, 2, '(2) quantity has been Added to item TWINE, plastic, one (1) kilo per roll', '2023-01-30 10:12:10'),
(68, 2, '(1) has been released - INSECTICIDE, aerosol type, net content: 600ml min', '2023-01-31 01:29:22'),
(69, 2, '(1) has been released - Desktop Computer, branded', '2023-01-31 01:29:22'),
(70, 2, '(5) quantity has been Added to item TWINE, plastic, one (1) kilo per roll', '2023-01-31 08:16:42'),
(71, 2, '(10) quantity has been Added to item UNINTERRUPTIBLE POWER SUPPLY (UPS)', '2023-02-01 05:08:20'),
(72, 2, '(10) quantity has been Added to item DOCUMENT CAMERA, 3.2M pixels', '2023-02-01 05:08:29'),
(73, 2, '(10) quantity has been Added to item ALCOHOL, ethyl, 68%-70%, scented, 500ml (-5ml)', '2023-02-01 08:55:39'),
(74, 2, '(1) - Desktop Computer, branded has been released', '2023-02-01 10:57:25'),
(75, 2, '(2) quantity has been Added to item INSECTICIDE, aerosol type, net content: 600ml min', '2023-02-07 01:19:20'),
(76, 2, '(2) quantity has been Added to item Desktop Computer, branded', '2023-02-07 01:19:37'),
(77, 2, '(5) quantity has been Added to item GLUE, all purpose, gross weight: 200 grams min', '2023-02-07 01:37:53'),
(78, 2, '(5) quantity has been Added to item ALCOHOL, ethyl, 68%-70%, scented, 500ml (-5ml)', '2023-02-07 02:19:48'),
(79, 2, '(1) quantity has been Added to item ALCOHOL, ethyl, 68%-70%, scented, 500ml (-5ml)', '2023-02-07 02:19:54'),
(80, 2, '(3) quantity has been Added to item DOCUMENT CAMERA, 3.2M pixels', '2023-02-07 02:55:30'),
(81, 2, 'Garbage Bags - Consumable Item has been Added', '2023-02-09 01:24:43'),
(82, 2, '(5) quantity has been Added to item Garbage Bags', '2023-02-09 01:24:59'),
(83, 2, '(1600) quantity has been Added to item Garbage Bags', '2023-02-09 01:28:52'),
(84, 2, '(1) - UNINTERRUPTIBLE POWER SUPPLY (UPS) has been released', '2023-02-11 02:55:23'),
(85, 2, '(2) - ALCOHOL, ethyl, 68%-70%, scented, 500ml (-5ml) has been released', '2023-02-11 02:55:26'),
(86, 2, '(2) - DOCUMENT CAMERA, 3.2M pixels has been released', '2023-02-11 02:55:30'),
(87, 2, '(5) - GLUE, all purpose, gross weight: 200 grams min has been released', '2023-02-11 03:00:56'),
(88, 2, '(1) - RECORD BOOK, 500 PAGES, size: 214mm x 278mm min has been released', '2023-02-11 03:00:56'),
(89, 2, '(10) - TAPE, ELECTRICAL, 18mm x 16M min has been released', '2023-02-11 03:00:58'),
(90, 2, '(1) - INSECTICIDE, aerosol type, net content: 600ml min has been released', '2023-02-11 03:00:58'),
(91, 2, 'ELECTRIC FAN, INDUSTRIAL, ground type, metal blade - Non Consumable Item has been Added', '2023-02-12 03:14:31'),
(92, 2, 'ELECTRIC FAN, ORBIT type, ceiling,  metal blade - Non Consumable Item has been Added', '2023-02-12 03:24:55'),
(93, 2, '(5) quantity has been Added to item ELECTRIC FAN, ORBIT type, ceiling,  metal blade', '2023-02-12 03:58:59'),
(94, 2, '(1) quantity has been Added to item ELECTRIC FAN, ORBIT type, ceiling,  metal blade', '2023-02-12 04:02:34'),
(95, 2, '(1) quantity has been Added to item ELECTRIC FAN, ORBIT type, ceiling,  metal blade', '2023-02-12 04:03:26'),
(96, 2, '(1) quantity has been Added to item RECORD BOOK, 500 PAGES, size: 214mm x 278mm min', '2023-02-12 04:04:20'),
(97, 2, '(1) quantity has been Added to item ELECTRIC FAN, ORBIT type, ceiling,  metal blade', '2023-02-12 04:06:32');

-- --------------------------------------------------------

--
-- Table structure for table `measurement`
--

CREATE TABLE `measurement` (
  `id` int(11) NOT NULL,
  `measure_description` varchar(255) NOT NULL
) ENGINE=InnoDB DEFAULT CHARSET=utf8mb4 COLLATE=utf8mb4_general_ci;

--
-- Dumping data for table `measurement`
--

INSERT INTO `measurement` (`id`, `measure_description`) VALUES
(1, 'Can'),
(2, 'Bottle'),
(3, 'Roll'),
(4, 'Box'),
(5, 'Pack'),
(6, 'Ream'),
(7, 'Bundle'),
(8, 'Jar'),
(9, 'Piece'),
(10, 'Unit'),
(11, 'Set'),
(12, 'Cart'),
(13, 'License'),
(14, 'Book');

-- --------------------------------------------------------

--
-- Table structure for table `mock`
--

CREATE TABLE `mock` (
  `id` int(11) NOT NULL,
  `first_name` varchar(255) NOT NULL,
  `last_name` varchar(255) NOT NULL,
  `email` varchar(255) NOT NULL,
  `gender` varchar(255) NOT NULL,
  `ip_address` varchar(255) NOT NULL
) ENGINE=InnoDB DEFAULT CHARSET=utf8mb4 COLLATE=utf8mb4_general_ci;

--
-- Dumping data for table `mock`
--

INSERT INTO `mock` (`id`, `first_name`, `last_name`, `email`, `gender`, `ip_address`) VALUES
(1, 'Adeline', 'Borlease', 'aborlease0@youtube.com', 'Female', '72.205.28.86'),
(2, 'Hashim', 'Antowski', 'hantowski1@netscape.com', 'Male', '152.43.0.172'),
(3, 'Sam', 'Gayton', 'sgayton2@free.fr', 'Male', '102.10.189.78'),
(4, 'Wilbert', 'Gildea', 'wgildea3@desdev.cn', 'Male', '103.54.200.8'),
(5, 'Vance', 'Josskoviz', 'vjosskoviz4@tmall.com', 'Male', '244.200.40.122'),
(6, 'Twila', 'Widdocks', 'twiddocks5@google.ru', 'Female', '21.40.255.114'),
(7, 'Virgina', 'Templeton', 'vtempleton6@youku.com', 'Female', '95.102.81.231'),
(8, 'Deena', 'Birth', 'dbirth7@howstuffworks.com', 'Female', '234.178.189.204'),
(9, 'Haley', 'Darco', 'hdarco8@ft.com', 'Female', '26.90.37.8'),
(10, 'Jody', 'Tolley', 'jtolley9@google.com', 'Male', '156.87.195.18'),
(11, 'Connie', 'Krammer', 'ckrammera@marriott.com', 'Female', '201.68.186.35'),
(12, 'Tynan', 'Lisett', 'tlisettb@vistaprint.com', 'Bigender', '64.89.90.22'),
(13, 'Roxy', 'Helsdon', 'rhelsdonc@huffingtonpost.com', 'Female', '115.142.7.39'),
(14, 'Kaycee', 'Ciraldo', 'kciraldod@bizjournals.com', 'Female', '207.223.201.219'),
(15, 'Ruthie', 'Witten', 'rwittene@yolasite.com', 'Female', '102.184.52.225'),
(16, 'Jasun', 'Lockery', 'jlockeryf@foxnews.com', 'Male', '135.117.42.156'),
(17, 'Malissa', 'Skypp', 'mskyppg@toplist.cz', 'Bigender', '237.209.5.49'),
(18, 'Carolan', 'Feldbrin', 'cfeldbrinh@hibu.com', 'Female', '46.174.150.226'),
(19, 'Laina', 'Ilyinski', 'lilyinskii@psu.edu', 'Female', '0.147.171.139'),
(20, 'Elvina', 'Maryin', 'emaryinj@mtv.com', 'Female', '123.51.114.235'),
(21, 'Thurstan', 'Aluard', 'taluardk@dot.gov', 'Male', '186.22.89.55'),
(22, 'Cyndy', 'Carlow', 'ccarlowl@gravatar.com', 'Female', '204.229.247.131'),
(23, 'Janifer', 'Okroy', 'jokroym@noaa.gov', 'Female', '208.100.211.129'),
(24, 'Cathe', 'Hearnah', 'chearnahn@who.int', 'Female', '239.10.55.23'),
(25, 'Lorne', 'Dobkin', 'ldobkino@alibaba.com', 'Female', '37.48.211.189'),
(26, 'Antonetta', 'Gonin', 'agoninp@example.com', 'Female', '52.36.14.229'),
(27, 'Lacy', 'Laden', 'lladenq@sciencedirect.com', 'Polygender', '50.235.210.161'),
(28, 'Graham', 'Petrulis', 'gpetrulisr@yellowpages.com', 'Male', '42.128.7.62'),
(29, 'Justen', 'Grabert', 'jgraberts@bandcamp.com', 'Genderfluid', '148.41.78.141'),
(30, 'Trey', 'Bains', 'tbainst@lulu.com', 'Male', '206.66.83.140'),
(31, 'Thorn', 'Booty', 'tbootyu@t.co', 'Male', '249.31.167.55'),
(32, 'Linn', 'Tickle', 'lticklev@last.fm', 'Female', '18.111.141.230'),
(33, 'Faydra', 'MacKenney', 'fmackenneyw@squidoo.com', 'Female', '66.16.221.47'),
(34, 'Anetta', 'Portch', 'aportchx@nature.com', 'Female', '56.113.244.165'),
(35, 'Jewelle', 'Dahlback', 'jdahlbacky@1688.com', 'Female', '255.177.120.53'),
(36, 'Chrystal', 'Casillis', 'ccasillisz@home.pl', 'Female', '246.125.43.25'),
(37, 'Gertrud', 'Cordy', 'gcordy10@examiner.com', 'Female', '242.194.244.30'),
(38, 'Clim', 'Baggaley', 'cbaggaley11@sourceforge.net', 'Male', '40.157.20.133'),
(39, 'Wynn', 'McAulay', 'wmcaulay12@liveinternet.ru', 'Female', '185.64.135.90'),
(40, 'Amil', 'Gontier', 'agontier13@xing.com', 'Female', '141.214.172.69'),
(41, 'Joachim', 'Jackways', 'jjackways14@jimdo.com', 'Male', '52.231.196.167'),
(42, 'Slade', 'Houlison', 'shoulison15@multiply.com', 'Male', '148.129.159.59'),
(43, 'Sileas', 'Pappi', 'spappi16@is.gd', 'Female', '168.112.74.25'),
(44, 'Scot', 'Bridgeman', 'sbridgeman17@rakuten.co.jp', 'Male', '225.95.126.21'),
(45, 'Mela', 'New', 'mnew18@jigsy.com', 'Female', '137.141.104.62'),
(46, 'Agnes', 'Naisbet', 'anaisbet19@wordpress.org', 'Female', '184.233.73.219'),
(47, 'Douglass', 'Clark', 'dclark1a@domainmarket.com', 'Male', '30.105.98.164'),
(48, 'Tallulah', 'Cassey', 'tcassey1b@reference.com', 'Female', '135.183.236.60'),
(49, 'Carrol', 'Gullifant', 'cgullifant1c@mozilla.com', 'Male', '6.126.83.175'),
(50, 'Spence', 'Robet', 'srobet1d@aol.com', 'Male', '240.82.112.142'),
(51, 'Kenneth', 'Blindt', 'kblindt1e@washington.edu', 'Male', '38.11.244.83'),
(52, 'Curtis', 'Mathivon', 'cmathivon1f@imdb.com', 'Male', '119.0.31.178'),
(53, 'Frances', 'Skittrall', 'fskittrall1g@gnu.org', 'Genderfluid', '148.246.125.1'),
(54, 'Anett', 'Meatcher', 'ameatcher1h@ebay.com', 'Female', '52.86.185.22'),
(55, 'Irwin', 'Clutram', 'iclutram1i@ow.ly', 'Male', '93.247.226.188'),
(56, 'Jon', 'Bowne', 'jbowne1j@discuz.net', 'Male', '192.19.63.180'),
(57, 'Gallard', 'Bouldon', 'gbouldon1k@amazonaws.com', 'Male', '140.164.118.50'),
(58, 'Rozella', 'Mead', 'rmead1l@studiopress.com', 'Female', '126.100.7.114'),
(59, 'Gawen', 'Paulino', 'gpaulino1m@google.es', 'Male', '6.13.17.113'),
(60, 'Laurens', 'Crewther', 'lcrewther1n@dell.com', 'Male', '77.184.171.149'),
(61, 'Florenza', 'Theobalds', 'ftheobalds1o@cargocollective.com', 'Female', '123.150.162.135'),
(62, 'Drucy', 'Fontenot', 'dfontenot1p@com.com', 'Female', '228.232.93.49'),
(63, 'Tamma', 'Sucre', 'tsucre1q@freewebs.com', 'Female', '42.75.178.84'),
(64, 'Blaire', 'Du Plantier', 'bduplantier1r@earthlink.net', 'Female', '223.244.213.4'),
(65, 'Nancee', 'Putson', 'nputson1s@google.cn', 'Female', '37.155.92.196'),
(66, 'April', 'Boam', 'aboam1t@businessinsider.com', 'Female', '235.2.209.70'),
(67, 'Evvie', 'McOnie', 'emconie1u@cbc.ca', 'Female', '227.51.180.243'),
(68, 'Nance', 'Hun', 'nhun1v@php.net', 'Female', '78.160.24.229'),
(69, 'Chaunce', 'Mereweather', 'cmereweather1w@rakuten.co.jp', 'Male', '148.108.65.182'),
(70, 'Shina', 'Halleybone', 'shalleybone1x@dropbox.com', 'Female', '214.185.90.69'),
(71, 'Alexandro', 'Edmans', 'aedmans1y@state.gov', 'Agender', '131.73.1.167'),
(72, 'Gwyn', 'Bumby', 'gbumby1z@reverbnation.com', 'Female', '164.124.206.124'),
(73, 'Deeanne', 'Yannikov', 'dyannikov20@spiegel.de', 'Polygender', '158.214.186.154'),
(74, 'Igor', 'Gallihaulk', 'igallihaulk21@privacy.gov.au', 'Male', '102.85.7.157'),
(75, 'Ekaterina', 'Brophy', 'ebrophy22@cornell.edu', 'Non-binary', '117.68.239.99'),
(76, 'Kerianne', 'Godley', 'kgodley23@google.cn', 'Female', '130.54.140.54'),
(77, 'Reiko', 'Quayle', 'rquayle24@fotki.com', 'Female', '166.36.204.131'),
(78, 'Ferne', 'Shreeve', 'fshreeve25@nifty.com', 'Female', '70.207.208.152'),
(79, 'Trever', 'Piddocke', 'tpiddocke26@xrea.com', 'Male', '208.116.152.52'),
(80, 'Afton', 'Maclaine', 'amaclaine27@networksolutions.com', 'Female', '210.41.175.43'),
(81, 'Helaina', 'Vankin', 'hvankin28@marriott.com', 'Polygender', '160.196.169.189'),
(82, 'Keely', 'Carlens', 'kcarlens29@jimdo.com', 'Female', '183.248.153.34'),
(83, 'Sabina', 'O\'Rodane', 'sorodane2a@eepurl.com', 'Female', '163.127.201.38'),
(84, 'Madalena', 'Gyenes', 'mgyenes2b@mapquest.com', 'Female', '47.46.90.88'),
(85, 'Demetrius', 'Winterscale', 'dwinterscale2c@usnews.com', 'Male', '84.77.9.141'),
(86, 'Aube', 'Dwane', 'adwane2d@huffingtonpost.com', 'Male', '228.49.176.252'),
(87, 'Kelcey', 'Agirre', 'kagirre2e@netlog.com', 'Female', '81.149.7.252'),
(88, 'Ed', 'Zupa', 'ezupa2f@prlog.org', 'Male', '52.15.188.210'),
(89, 'Randy', 'Kroch', 'rkroch2g@4shared.com', 'Female', '217.108.181.180'),
(90, 'Ludvig', 'Nern', 'lnern2h@tiny.cc', 'Male', '136.91.126.75'),
(91, 'Carola', 'Orpyne', 'corpyne2i@chicagotribune.com', 'Female', '87.32.24.173'),
(92, 'Pippy', 'Leftly', 'pleftly2j@elpais.com', 'Female', '66.119.90.172'),
(93, 'Agnese', 'Heckney', 'aheckney2k@harvard.edu', 'Female', '72.235.212.16'),
(94, 'Clemens', 'Labram', 'clabram2l@newyorker.com', 'Male', '242.3.254.216'),
(95, 'Dominica', 'Elie', 'delie2m@nationalgeographic.com', 'Female', '16.110.220.43'),
(96, 'Charmion', 'Kleehuhler', 'ckleehuhler2n@topsy.com', 'Female', '177.226.53.146'),
(97, 'Pierce', 'Cannan', 'pcannan2o@homestead.com', 'Male', '224.146.51.121'),
(98, 'Sancho', 'Traske', 'straske2p@weather.com', 'Male', '21.40.76.182'),
(99, 'Vita', 'Gateman', 'vgateman2q@webs.com', 'Female', '128.175.232.144'),
(100, 'Bartolemo', 'Durban', 'bdurban2r@va.gov', 'Male', '251.142.128.181'),
(101, 'Ossie', 'Brightman', 'obrightman2s@multiply.com', 'Male', '77.4.171.241'),
(102, 'Arni', 'Scholig', 'ascholig2t@networkadvertising.org', 'Male', '119.182.244.254'),
(103, 'Birch', 'Skryne', 'bskryne2u@booking.com', 'Male', '21.197.141.220'),
(104, 'Sherie', 'Puckett', 'spuckett2v@hugedomains.com', 'Female', '178.40.207.86'),
(105, 'Cullin', 'Jeandet', 'cjeandet2w@ehow.com', 'Genderqueer', '108.93.208.151'),
(106, 'Silvano', 'Castagnone', 'scastagnone2x@bloglines.com', 'Male', '57.20.119.46'),
(107, 'Gwenore', 'Pindell', 'gpindell2y@hugedomains.com', 'Female', '15.61.230.177'),
(108, 'Reamonn', 'Rayner', 'rrayner2z@51.la', 'Male', '128.142.125.252'),
(109, 'Wendi', 'Whipple', 'wwhipple30@wp.com', 'Female', '69.255.84.236'),
(110, 'Fonzie', 'MacShane', 'fmacshane31@edublogs.org', 'Male', '5.232.243.187'),
(111, 'Erwin', 'Adran', 'eadran32@aol.com', 'Male', '111.254.195.185'),
(112, 'Milo', 'Waitland', 'mwaitland33@exblog.jp', 'Male', '125.238.133.65'),
(113, 'Augustine', 'Peskett', 'apeskett34@smh.com.au', 'Female', '139.217.236.56'),
(114, 'Ignacio', 'Ville', 'iville35@creativecommons.org', 'Male', '78.254.16.100'),
(115, 'Ted', 'Streets', 'tstreets36@typepad.com', 'Female', '193.219.174.75'),
(116, 'Friedrich', 'Camelin', 'fcamelin37@smugmug.com', 'Male', '20.69.39.15'),
(117, 'Dorolisa', 'Gollop', 'dgollop38@phoca.cz', 'Female', '157.155.3.191'),
(118, 'Sylas', 'Eades', 'seades39@vk.com', 'Male', '79.65.30.177'),
(119, 'Humphrey', 'Haeslier', 'hhaeslier3a@hatena.ne.jp', 'Male', '229.151.1.47'),
(120, 'Marcelia', 'Segebrecht', 'msegebrecht3b@last.fm', 'Female', '218.28.34.198'),
(121, 'Skyler', 'Burgan', 'sburgan3c@fda.gov', 'Male', '106.32.110.183'),
(122, 'Herculie', 'Impey', 'himpey3d@t.co', 'Male', '74.182.37.199'),
(123, 'Lalo', 'Ipwell', 'lipwell3e@examiner.com', 'Male', '17.107.240.161'),
(124, 'Tedi', 'Pavelin', 'tpavelin3f@zimbio.com', 'Female', '70.200.172.210'),
(125, 'Court', 'Valance', 'cvalance3g@t-online.de', 'Male', '168.67.69.219'),
(126, 'Gwen', 'Farrah', 'gfarrah3h@wordpress.com', 'Female', '18.142.72.157'),
(127, 'Dulce', 'Junifer', 'djunifer3i@blogspot.com', 'Polygender', '185.179.215.222'),
(128, 'Arvie', 'Franies', 'afranies3j@washingtonpost.com', 'Male', '87.228.0.72'),
(129, 'Murvyn', 'Goodburn', 'mgoodburn3k@trellian.com', 'Male', '86.146.193.190'),
(130, 'Coriss', 'MacQuist', 'cmacquist3l@accuweather.com', 'Agender', '51.254.66.59'),
(131, 'Daisey', 'Webborn', 'dwebborn3m@imdb.com', 'Agender', '173.179.76.125'),
(132, 'Binny', 'Janata', 'bjanata3n@globo.com', 'Female', '220.50.133.21'),
(133, 'Lorenzo', 'Yurivtsev', 'lyurivtsev3o@netlog.com', 'Male', '221.218.6.28'),
(134, 'Rebekah', 'Iacovelli', 'riacovelli3p@devhub.com', 'Female', '233.4.141.123'),
(135, 'Billy', 'Sawforde', 'bsawforde3q@spotify.com', 'Male', '217.76.128.101'),
(136, 'Randolph', 'Demougeot', 'rdemougeot3r@hugedomains.com', 'Male', '76.41.75.180'),
(137, 'Vonnie', 'Blakeborough', 'vblakeborough3s@php.net', 'Female', '204.38.14.73'),
(138, 'Fergus', 'Tremellan', 'ftremellan3t@instagram.com', 'Male', '93.25.33.117'),
(139, 'Ambros', 'Prettejohns', 'aprettejohns3u@cnn.com', 'Male', '249.100.36.18'),
(140, 'Trip', 'Egerton', 'tegerton3v@topsy.com', 'Polygender', '186.3.55.14'),
(141, 'David', 'Dugald', 'ddugald3w@51.la', 'Male', '185.149.170.70'),
(142, 'Judith', 'Aldam', 'jaldam3x@printfriendly.com', 'Female', '232.127.2.2'),
(143, 'Domenico', 'Purvey', 'dpurvey3y@feedburner.com', 'Male', '173.32.85.44'),
(144, 'Marguerite', 'Tilston', 'mtilston3z@nationalgeographic.com', 'Female', '192.118.131.142'),
(145, 'Georgetta', 'Muriel', 'gmuriel40@delicious.com', 'Female', '146.177.240.96'),
(146, 'Mandy', 'Dursley', 'mdursley41@dailymail.co.uk', 'Genderqueer', '37.251.214.72'),
(147, 'Johnna', 'Turgoose', 'jturgoose42@google.ru', 'Female', '251.121.188.216'),
(148, 'Rance', 'Pusill', 'rpusill43@gravatar.com', 'Male', '128.62.36.174'),
(149, 'Carson', 'Devonish', 'cdevonish44@miitbeian.gov.cn', 'Male', '188.189.227.190'),
(150, 'Norry', 'Dodswell', 'ndodswell45@miibeian.gov.cn', 'Male', '142.133.189.215'),
(151, 'Christalle', 'Meiningen', 'cmeiningen46@seesaa.net', 'Female', '202.172.250.116'),
(152, 'Maitilde', 'Blanko', 'mblanko47@amazonaws.com', 'Female', '50.198.63.22'),
(153, 'Gilles', 'Stanfield', 'gstanfield48@reddit.com', 'Male', '11.53.21.130'),
(154, 'Viola', 'Brabben', 'vbrabben49@weebly.com', 'Female', '230.29.89.146'),
(155, 'Ellwood', 'Durdan', 'edurdan4a@china.com.cn', 'Bigender', '34.68.118.15'),
(156, 'Zared', 'Pasby', 'zpasby4b@oracle.com', 'Male', '33.161.221.31'),
(157, 'Joeann', 'Hillitt', 'jhillitt4c@google.de', 'Female', '254.124.184.112'),
(158, 'Sheff', 'Bruton', 'sbruton4d@meetup.com', 'Male', '34.71.202.216'),
(159, 'Eugine', 'Massenhove', 'emassenhove4e@gov.uk', 'Female', '218.240.177.54'),
(160, 'Fin', 'Kibby', 'fkibby4f@patch.com', 'Genderqueer', '64.249.163.31'),
(161, 'Emalia', 'Dmisek', 'edmisek4g@livejournal.com', 'Female', '105.108.246.219'),
(162, 'Filippa', 'Franciskiewicz', 'ffranciskiewicz4h@mashable.com', 'Female', '40.77.175.113'),
(163, 'Ephrem', 'Osburn', 'eosburn4i@tripod.com', 'Male', '142.190.167.189'),
(164, 'Cassandry', 'Tunniclisse', 'ctunniclisse4j@prlog.org', 'Female', '173.98.148.229'),
(165, 'Elka', 'Peacop', 'epeacop4k@unblog.fr', 'Female', '68.173.163.96'),
(166, 'Dulcine', 'Lovewell', 'dlovewell4l@scribd.com', 'Female', '168.209.77.10'),
(167, 'Algernon', 'Stansbury', 'astansbury4m@uol.com.br', 'Male', '8.250.133.147'),
(168, 'Juliette', 'Goodered', 'jgoodered4n@list-manage.com', 'Agender', '30.147.246.8'),
(169, 'Aguistin', 'Birrel', 'abirrel4o@nba.com', 'Male', '86.48.84.204'),
(170, 'Aurea', 'Spoors', 'aspoors4p@discovery.com', 'Female', '173.165.230.14'),
(171, 'Alexandro', 'Bocken', 'abocken4q@youtube.com', 'Male', '140.170.67.191'),
(172, 'Tobie', 'Civitillo', 'tcivitillo4r@mit.edu', 'Male', '180.192.83.229'),
(173, 'Perren', 'Rzehor', 'przehor4s@blogtalkradio.com', 'Male', '173.104.64.111'),
(174, 'Hurley', 'Beslier', 'hbeslier4t@dropbox.com', 'Male', '205.127.253.162'),
(175, 'Kahlil', 'Sleeford', 'ksleeford4u@phpbb.com', 'Male', '208.29.191.236'),
(176, 'Kristine', 'Longmate', 'klongmate4v@webs.com', 'Female', '14.20.185.240'),
(177, 'Ichabod', 'Weighell', 'iweighell4w@blinklist.com', 'Male', '218.220.90.80'),
(178, 'Leta', 'Hamelyn', 'lhamelyn4x@about.me', 'Female', '143.23.26.136'),
(179, 'Edna', 'Rawcliff', 'erawcliff4y@tumblr.com', 'Female', '162.168.167.28'),
(180, 'Wolfie', 'Bleasdale', 'wbleasdale4z@hostgator.com', 'Male', '146.13.155.253'),
(181, 'Maribel', 'Benyon', 'mbenyon50@wp.com', 'Female', '71.51.54.70'),
(182, 'Leigh', 'Langthorne', 'llangthorne51@hexun.com', 'Male', '154.94.107.234'),
(183, 'Greggory', 'Gianullo', 'ggianullo52@wikipedia.org', 'Male', '23.157.153.194'),
(184, 'Joanne', 'Rennicks', 'jrennicks53@netlog.com', 'Female', '241.179.205.50'),
(185, 'Hector', 'Andreev', 'handreev54@washington.edu', 'Male', '170.227.255.196'),
(186, 'Ladonna', 'Skym', 'lskym55@gnu.org', 'Female', '81.121.42.157'),
(187, 'Nettie', 'Heaslip', 'nheaslip56@usnews.com', 'Female', '196.65.121.180'),
(188, 'Sibyl', 'Boyle', 'sboyle57@storify.com', 'Male', '235.33.71.179'),
(189, 'Kimberli', 'Kenward', 'kkenward58@youku.com', 'Female', '20.243.183.23'),
(190, 'Angy', 'Yegorkin', 'ayegorkin59@creativecommons.org', 'Female', '184.147.41.106'),
(191, 'Curcio', 'Checo', 'ccheco5a@slate.com', 'Male', '165.195.215.205'),
(192, 'Benita', 'Smeeth', 'bsmeeth5b@netlog.com', 'Female', '154.25.62.41'),
(193, 'Fallon', 'MacTague', 'fmactague5c@hao123.com', 'Female', '139.247.234.29'),
(194, 'Myrna', 'McCarrick', 'mmccarrick5d@g.co', 'Female', '152.203.86.148'),
(195, 'Flora', 'Devereux', 'fdevereux5e@columbia.edu', 'Female', '199.187.34.21'),
(196, 'Bobinette', 'Shawl', 'bshawl5f@archive.org', 'Genderfluid', '40.108.246.12'),
(197, 'Emerson', 'Zoanetti', 'ezoanetti5g@ed.gov', 'Male', '131.107.117.95'),
(198, 'Melony', 'Bilyard', 'mbilyard5h@people.com.cn', 'Female', '120.13.87.142'),
(199, 'Mario', 'Southway', 'msouthway5i@tamu.edu', 'Male', '230.193.205.44'),
(200, 'Adrian', 'Bowker', 'abowker5j@wunderground.com', 'Female', '227.162.47.159'),
(201, 'Artemus', 'Emloch', 'aemloch5k@163.com', 'Male', '119.44.154.179'),
(202, 'Freddy', 'Cheatle', 'fcheatle5l@nationalgeographic.com', 'Male', '247.176.156.157'),
(203, 'Timothee', 'Wheatland', 'twheatland5m@phoca.cz', 'Male', '210.229.25.32'),
(204, 'Hunfredo', 'Ewart', 'hewart5n@smh.com.au', 'Male', '165.158.23.108'),
(205, 'Kacey', 'Brimming', 'kbrimming5o@businesswire.com', 'Female', '17.82.56.242'),
(206, 'Allene', 'Marple', 'amarple5p@shutterfly.com', 'Female', '46.213.188.46'),
(207, 'Graig', 'Muzzullo', 'gmuzzullo5q@soup.io', 'Male', '224.141.141.162'),
(208, 'Terri', 'Scotchmur', 'tscotchmur5r@virginia.edu', 'Female', '37.198.57.98'),
(209, 'Josephina', 'Shury', 'jshury5s@cocolog-nifty.com', 'Female', '232.29.110.223'),
(210, 'Idell', 'Crew', 'icrew5t@cisco.com', 'Female', '76.107.222.143'),
(211, 'Pepe', 'Newlove', 'pnewlove5u@cargocollective.com', 'Male', '76.12.165.161'),
(212, 'Lara', 'Aikin', 'laikin5v@adobe.com', 'Female', '252.211.176.129'),
(213, 'Ethyl', 'Thying', 'ethying5w@amazon.co.uk', 'Female', '50.194.35.39'),
(214, 'Reta', 'Checketts', 'rchecketts5x@xrea.com', 'Female', '43.133.13.86'),
(215, 'Art', 'Scally', 'ascally5y@de.vu', 'Male', '251.70.246.37'),
(216, 'Carmelle', 'Woodrup', 'cwoodrup5z@usgs.gov', 'Female', '107.87.203.104'),
(217, 'Sashenka', 'McInnery', 'smcinnery60@bloglovin.com', 'Genderfluid', '0.114.146.244'),
(218, 'Benedict', 'Chaffyn', 'bchaffyn61@thetimes.co.uk', 'Male', '252.82.46.199'),
(219, 'Tobin', 'Baddoe', 'tbaddoe62@usnews.com', 'Male', '111.185.219.144'),
(220, 'Colby', 'Pauncefort', 'cpauncefort63@mediafire.com', 'Male', '220.66.83.93'),
(221, 'Say', 'Royan', 'sroyan64@studiopress.com', 'Male', '152.230.88.243'),
(222, 'Burl', 'Gaskall', 'bgaskall65@edublogs.org', 'Male', '2.68.250.191'),
(223, 'Tobit', 'Stronge', 'tstronge66@nba.com', 'Male', '25.228.141.159'),
(224, 'Carita', 'Chastey', 'cchastey67@yellowbook.com', 'Bigender', '31.152.64.123'),
(225, 'Godart', 'Romanetti', 'gromanetti68@hc360.com', 'Male', '104.242.213.237'),
(226, 'Geri', 'Dolley', 'gdolley69@google.co.uk', 'Male', '28.2.95.175'),
(227, 'Gannon', 'Creeboe', 'gcreeboe6a@icio.us', 'Male', '212.153.77.57'),
(228, 'York', 'Ranyard', 'yranyard6b@irs.gov', 'Male', '81.7.94.241'),
(229, 'Olga', 'Oneill', 'ooneill6c@vk.com', 'Female', '86.171.50.116'),
(230, 'Bryan', 'O\' Mahony', 'bomahony6d@blinklist.com', 'Male', '43.95.221.212'),
(231, 'Cchaddie', 'Tyson', 'ctyson6e@shinystat.com', 'Male', '21.121.193.91'),
(232, 'Hale', 'Wenden', 'hwenden6f@eventbrite.com', 'Male', '249.164.139.17'),
(233, 'Jeanelle', 'Gail', 'jgail6g@marketwatch.com', 'Female', '30.25.65.212'),
(234, 'Thurston', 'Domel', 'tdomel6h@newsvine.com', 'Male', '19.250.63.9'),
(235, 'Bud', 'Jessen', 'bjessen6i@statcounter.com', 'Male', '38.148.6.12'),
(236, 'Kendrick', 'Huffey', 'khuffey6j@1688.com', 'Male', '251.245.247.10'),
(237, 'Vladimir', 'Gillum', 'vgillum6k@engadget.com', 'Male', '35.128.251.192'),
(238, 'Ulick', 'Blackeby', 'ublackeby6l@youtu.be', 'Male', '164.57.51.106'),
(239, 'Olive', 'Labb', 'olabb6m@phoca.cz', 'Female', '228.232.43.202'),
(240, 'Field', 'Elves', 'felves6n@webeden.co.uk', 'Male', '120.77.255.100'),
(241, 'Derron', 'Kob', 'dkob6o@delicious.com', 'Male', '155.168.207.62'),
(242, 'Giusto', 'Lutman', 'glutman6p@xinhuanet.com', 'Male', '133.114.111.59'),
(243, 'Thorndike', 'Unwin', 'tunwin6q@ezinearticles.com', 'Male', '150.54.160.95'),
(244, 'Durand', 'Castiblanco', 'dcastiblanco6r@rediff.com', 'Male', '193.110.174.183'),
(245, 'Addie', 'Brede', 'abrede6s@t-online.de', 'Male', '91.240.151.36'),
(246, 'Torin', 'Colyer', 'tcolyer6t@gov.uk', 'Bigender', '32.85.210.103'),
(247, 'Druci', 'Doche', 'ddoche6u@themeforest.net', 'Female', '68.42.92.17'),
(248, 'Thaine', 'Groarty', 'tgroarty6v@example.com', 'Male', '150.178.4.212'),
(249, 'Nelly', 'Cinnamond', 'ncinnamond6w@technorati.com', 'Female', '226.45.203.66'),
(250, 'Katleen', 'Joselovitch', 'kjoselovitch6x@phoca.cz', 'Female', '102.203.20.93'),
(251, 'Cleveland', 'Sybe', 'csybe6y@dion.ne.jp', 'Male', '11.27.109.133'),
(252, 'Sophronia', 'Bearblock', 'sbearblock6z@mayoclinic.com', 'Female', '84.82.189.65'),
(253, 'Sacha', 'Casotti', 'scasotti70@shareasale.com', 'Female', '63.177.193.252'),
(254, 'Yetty', 'Jacquemard', 'yjacquemard71@hugedomains.com', 'Female', '142.239.148.132'),
(255, 'Nonah', 'Maymand', 'nmaymand72@dropbox.com', 'Female', '197.89.174.62'),
(256, 'Rice', 'Emanson', 'remanson73@netvibes.com', 'Male', '41.130.46.0'),
(257, 'Doralyn', 'Garnsworthy', 'dgarnsworthy74@ucla.edu', 'Female', '55.125.74.75'),
(258, 'Quinton', 'Dahill', 'qdahill75@reference.com', 'Male', '6.28.28.206'),
(259, 'Ruthie', 'Peat', 'rpeat76@theatlantic.com', 'Female', '112.194.241.130'),
(260, 'Tome', 'Brissenden', 'tbrissenden77@nifty.com', 'Male', '210.104.89.27'),
(261, 'Sabrina', 'Klaaasen', 'sklaaasen78@eventbrite.com', 'Female', '118.63.151.120'),
(262, 'Ailene', 'Richardes', 'arichardes79@facebook.com', 'Female', '54.249.143.80'),
(263, 'Hewie', 'Lerer', 'hlerer7a@twitpic.com', 'Male', '177.55.31.128'),
(264, 'Clementius', 'Tregian', 'ctregian7b@cyberchimps.com', 'Male', '66.130.195.113'),
(265, 'Matty', 'Barnhart', 'mbarnhart7c@hexun.com', 'Genderqueer', '177.140.218.241'),
(266, 'Claudian', 'Kender', 'ckender7d@cargocollective.com', 'Male', '11.40.26.211'),
(267, 'Lory', 'Pringley', 'lpringley7e@ft.com', 'Female', '13.227.179.89'),
(268, 'Marsiella', 'Livingston', 'mlivingston7f@walmart.com', 'Female', '127.105.238.187'),
(269, 'Sibella', 'Jermin', 'sjermin7g@blog.com', 'Female', '176.123.107.153'),
(270, 'Harland', 'Ivanchenkov', 'hivanchenkov7h@live.com', 'Male', '126.164.83.86'),
(271, 'Lannie', 'Khadir', 'lkhadir7i@edublogs.org', 'Male', '232.252.100.99'),
(272, 'Erv', 'Whereat', 'ewhereat7j@google.com.hk', 'Male', '23.126.108.178'),
(273, 'Norbert', 'Ledner', 'nledner7k@samsung.com', 'Male', '220.126.74.109'),
(274, 'Letitia', 'Sims', 'lsims7l@un.org', 'Female', '161.180.26.176'),
(275, 'Carlina', 'Stuehmeier', 'cstuehmeier7m@washington.edu', 'Bigender', '198.171.177.152'),
(276, 'Mia', 'Jovic', 'mjovic7n@gnu.org', 'Female', '251.232.145.216'),
(277, 'Taite', 'Eitter', 'teitter7o@rediff.com', 'Male', '82.237.90.92'),
(278, 'Pearline', 'Font', 'pfont7p@bbc.co.uk', 'Female', '37.157.237.96'),
(279, 'Christoph', 'Turbefield', 'cturbefield7q@marketwatch.com', 'Male', '123.183.215.0'),
(280, 'Ardelle', 'Jillions', 'ajillions7r@wsj.com', 'Genderqueer', '95.139.55.56'),
(281, 'Shanan', 'Laytham', 'slaytham7s@macromedia.com', 'Male', '250.74.232.33'),
(282, 'Reina', 'Lerigo', 'rlerigo7t@alexa.com', 'Female', '80.38.48.41'),
(283, 'Hiram', 'Greenrde', 'hgreenrde7u@aboutads.info', 'Non-binary', '173.239.35.224'),
(284, 'Elmira', 'Pipkin', 'epipkin7v@sitemeter.com', 'Female', '174.75.214.29'),
(285, 'Scottie', 'Scamaden', 'sscamaden7w@mapy.cz', 'Male', '84.155.237.191'),
(286, 'Stormie', 'Syddie', 'ssyddie7x@comsenz.com', 'Female', '153.64.97.55'),
(287, 'Franky', 'Dellenbroker', 'fdellenbroker7y@indiegogo.com', 'Female', '54.233.26.220'),
(288, 'Jerrold', 'Huffer', 'jhuffer7z@jalbum.net', 'Male', '162.225.28.166'),
(289, 'Auroora', 'Boutellier', 'aboutellier80@mysql.com', 'Female', '72.229.156.199'),
(290, 'Ralph', 'Madeley', 'rmadeley81@china.com.cn', 'Male', '64.127.56.112'),
(291, 'Neel', 'Trotman', 'ntrotman82@bizjournals.com', 'Male', '52.141.93.213'),
(292, 'Austin', 'Silley', 'asilley83@cocolog-nifty.com', 'Male', '218.32.6.238'),
(293, 'Stormy', 'Hoxey', 'shoxey84@shareasale.com', 'Female', '248.167.91.68'),
(294, 'Ky', 'Campe', 'kcampe85@exblog.jp', 'Male', '198.43.145.138'),
(295, 'Culley', 'Greatex', 'cgreatex86@quantcast.com', 'Male', '107.143.230.131'),
(296, 'Melody', 'Johnsey', 'mjohnsey87@slideshare.net', 'Female', '189.217.34.151'),
(297, 'Chrotoem', 'Filson', 'cfilson88@ucla.edu', 'Male', '119.227.182.206'),
(298, 'Elroy', 'Broadhead', 'ebroadhead89@slideshare.net', 'Male', '47.155.188.126'),
(299, 'Goddard', 'Barrack', 'gbarrack8a@va.gov', 'Polygender', '236.24.102.111'),
(300, 'Neddy', 'Guillotin', 'nguillotin8b@wikispaces.com', 'Male', '212.44.167.131'),
(301, 'Cletus', 'Shuter', 'cshuter8c@kickstarter.com', 'Genderfluid', '52.133.147.31'),
(302, 'Devinne', 'Paulack', 'dpaulack8d@fema.gov', 'Female', '190.183.153.78'),
(303, 'Eugenius', 'Fishlock', 'efishlock8e@discovery.com', 'Male', '222.70.186.60'),
(304, 'Leesa', 'Offill', 'loffill8f@drupal.org', 'Female', '177.253.122.159'),
(305, 'Ira', 'Lowdiane', 'ilowdiane8g@lycos.com', 'Male', '219.167.131.82'),
(306, 'Ara', 'Baseke', 'abaseke8h@liveinternet.ru', 'Male', '136.182.235.124'),
(307, 'Nadine', 'MacKereth', 'nmackereth8i@narod.ru', 'Female', '79.54.9.167'),
(308, 'Angelo', 'Franzotto', 'afranzotto8j@360.cn', 'Male', '61.9.43.206'),
(309, 'Amabelle', 'Mandre', 'amandre8k@jiathis.com', 'Female', '36.72.172.200'),
(310, 'Nicky', 'Blockey', 'nblockey8l@weather.com', 'Male', '139.145.146.110'),
(311, 'Mufinella', 'Ivashinnikov', 'mivashinnikov8m@addthis.com', 'Female', '51.230.177.131'),
(312, 'Charmine', 'Sleeny', 'csleeny8n@techcrunch.com', 'Female', '23.101.60.69'),
(313, 'Bordie', 'Dally', 'bdally8o@jalbum.net', 'Male', '20.179.181.17'),
(314, 'Joane', 'Ruberry', 'jruberry8p@google.ca', 'Female', '141.255.98.123'),
(315, 'Ericka', 'Dunkley', 'edunkley8q@europa.eu', 'Female', '99.167.178.252'),
(316, 'Aloin', 'Jarrad', 'ajarrad8r@360.cn', 'Male', '38.152.38.255'),
(317, 'Cecily', 'Girardin', 'cgirardin8s@google.it', 'Female', '222.65.159.194'),
(318, 'Roxi', 'Stork', 'rstork8t@gravatar.com', 'Female', '144.12.162.172'),
(319, 'Gilbert', 'Cullagh', 'gcullagh8u@jimdo.com', 'Agender', '107.49.79.163'),
(320, 'Florian', 'Dowglass', 'fdowglass8v@bbc.co.uk', 'Male', '154.231.202.166'),
(321, 'Kris', 'Farnell', 'kfarnell8w@whitehouse.gov', 'Male', '31.244.252.34'),
(322, 'Inesita', 'Dreger', 'idreger8x@homestead.com', 'Female', '142.188.127.240'),
(323, 'Boycey', 'Bavidge', 'bbavidge8y@meetup.com', 'Male', '64.15.109.56'),
(324, 'Fairleigh', 'Adamkiewicz', 'fadamkiewicz8z@behance.net', 'Male', '15.250.69.156'),
(325, 'Ola', 'Tiery', 'otiery90@timesonline.co.uk', 'Female', '187.95.233.10'),
(326, 'Colin', 'Illesley', 'cillesley91@symantec.com', 'Agender', '148.36.166.24'),
(327, 'Eziechiele', 'Worsalls', 'eworsalls92@state.gov', 'Male', '253.252.28.222'),
(328, 'Virginia', 'Bodycombe', 'vbodycombe93@rediff.com', 'Female', '65.127.16.77'),
(329, 'Valerye', 'Llewhellin', 'vllewhellin94@amazon.de', 'Female', '230.240.210.60'),
(330, 'Nikolia', 'Poulsum', 'npoulsum95@linkedin.com', 'Female', '127.87.7.152'),
(331, 'Bordie', 'Hibling', 'bhibling96@thetimes.co.uk', 'Genderfluid', '48.137.147.191'),
(332, 'Brunhilda', 'Sempill', 'bsempill97@imdb.com', 'Female', '60.211.29.172'),
(333, 'Clio', 'Vint', 'cvint98@washington.edu', 'Female', '241.24.102.195'),
(334, 'Newton', 'Mesias', 'nmesias99@examiner.com', 'Male', '26.153.151.25'),
(335, 'Oswell', 'Boerderman', 'oboerderman9a@a8.net', 'Male', '172.32.141.126'),
(336, 'Helen-elizabeth', 'Shirt', 'hshirt9b@techcrunch.com', 'Female', '94.5.13.201'),
(337, 'Christan', 'Duckit', 'cduckit9c@phoca.cz', 'Female', '218.169.228.180'),
(338, 'Josey', 'Bendel', 'jbendel9d@hud.gov', 'Female', '152.69.199.15'),
(339, 'Klarrisa', 'Plumbley', 'kplumbley9e@slideshare.net', 'Female', '245.160.212.73'),
(340, 'Harold', 'Lindenfeld', 'hlindenfeld9f@ebay.co.uk', 'Male', '56.5.37.161'),
(341, 'Tiphani', 'Startin', 'tstartin9g@google.com.au', 'Female', '101.26.166.197'),
(342, 'Konstantine', 'Gumm', 'kgumm9h@foxnews.com', 'Male', '16.123.38.84'),
(343, 'Davina', 'Hyam', 'dhyam9i@yelp.com', 'Female', '185.28.151.185'),
(344, 'Dorisa', 'Hagger', 'dhagger9j@soundcloud.com', 'Agender', '247.79.168.103'),
(345, 'Golda', 'Pritty', 'gpritty9k@nytimes.com', 'Female', '9.5.51.78'),
(346, 'Kikelia', 'Kenset', 'kkenset9l@chicagotribune.com', 'Non-binary', '49.127.96.92'),
(347, 'Bogey', 'Travis', 'btravis9m@about.com', 'Male', '125.3.122.136'),
(348, 'Dacia', 'Doctor', 'ddoctor9n@tripadvisor.com', 'Female', '212.255.42.58'),
(349, 'Armand', 'Kincade', 'akincade9o@dell.com', 'Male', '20.124.75.28'),
(350, 'Fiann', 'Alday', 'falday9p@merriam-webster.com', 'Female', '62.226.133.34'),
(351, 'Damiano', 'Davidavidovics', 'ddavidavidovics9q@google.it', 'Male', '16.237.182.83'),
(352, 'Marna', 'Stot', 'mstot9r@ihg.com', 'Female', '24.144.243.94'),
(353, 'Elise', 'Mariet', 'emariet9s@taobao.com', 'Female', '129.23.3.31'),
(354, 'Torrance', 'Ranson', 'transon9t@ox.ac.uk', 'Male', '5.237.185.47'),
(355, 'Quent', 'Carvill', 'qcarvill9u@wikispaces.com', 'Male', '41.155.223.249'),
(356, 'Mackenzie', 'Garmons', 'mgarmons9v@soup.io', 'Male', '191.134.84.223'),
(357, 'Fredric', 'Fullun', 'ffullun9w@tinyurl.com', 'Male', '46.150.217.186'),
(358, 'Pennie', 'Dey', 'pdey9x@tiny.cc', 'Male', '149.155.205.146'),
(359, 'Cordula', 'Gleader', 'cgleader9y@java.com', 'Female', '127.227.187.74'),
(360, 'Stefano', 'Yeomans', 'syeomans9z@cocolog-nifty.com', 'Male', '6.146.47.19'),
(361, 'Marchall', 'Kinforth', 'mkinfortha0@webs.com', 'Male', '222.126.44.16'),
(362, 'Coriss', 'McVrone', 'cmcvronea1@fda.gov', 'Agender', '56.210.31.186'),
(363, 'Guinna', 'Guichard', 'gguicharda2@go.com', 'Female', '194.18.47.89'),
(364, 'Doroteya', 'Lanfear', 'dlanfeara3@cloudflare.com', 'Bigender', '42.85.44.76'),
(365, 'Bonnie', 'Crannis', 'bcrannisa4@oakley.com', 'Female', '107.88.253.129'),
(366, 'Goldia', 'Drysdale', 'gdrysdalea5@ucoz.ru', 'Female', '164.87.93.20'),
(367, 'Perla', 'Burdfield', 'pburdfielda6@jigsy.com', 'Female', '201.196.252.61'),
(368, 'Rosella', 'Sonnenschein', 'rsonnenscheina7@msu.edu', 'Polygender', '228.18.80.39'),
(369, 'Nikita', 'Gowenlock', 'ngowenlocka8@simplemachines.org', 'Male', '116.57.124.181'),
(370, 'Anna', 'Pflieger', 'apfliegera9@yahoo.com', 'Female', '21.152.33.120'),
(371, 'Loise', 'Spraging', 'lspragingaa@indiegogo.com', 'Female', '166.134.48.16'),
(372, 'Katalin', 'Dolden', 'kdoldenab@squidoo.com', 'Female', '112.122.192.146'),
(373, 'Hatti', 'Cawthorne', 'hcawthorneac@last.fm', 'Female', '173.208.178.160'),
(374, 'Bellina', 'Sealeaf', 'bsealeafad@icio.us', 'Female', '220.149.243.30'),
(375, 'Yancy', 'May', 'ymayae@nps.gov', 'Male', '22.127.231.115'),
(376, 'Mort', 'Trevascus', 'mtrevascusaf@unblog.fr', 'Male', '43.50.39.168'),
(377, 'Bess', 'Sueter', 'bsueterag@wp.com', 'Female', '19.51.57.223'),
(378, 'Rochella', 'Walliker', 'rwallikerah@etsy.com', 'Female', '221.83.5.236'),
(379, 'Norrie', 'Krollmann', 'nkrollmannai@java.com', 'Male', '161.11.147.132'),
(380, 'Alli', 'Hector', 'ahectoraj@paypal.com', 'Female', '54.232.30.174'),
(381, 'Riley', 'Collomosse', 'rcollomosseak@state.gov', 'Male', '144.43.223.9'),
(382, 'Eunice', 'McCole', 'emccoleal@tuttocitta.it', 'Female', '7.181.96.200'),
(383, 'Prudence', 'Willcox', 'pwillcoxam@bloomberg.com', 'Genderfluid', '4.145.16.105'),
(384, 'Bradford', 'Blundel', 'bblundelan@google.ca', 'Male', '171.201.46.151'),
(385, 'Atalanta', 'Gniewosz', 'agniewoszao@cmu.edu', 'Female', '136.233.44.178'),
(386, 'Joni', 'Bour', 'jbourap@nih.gov', 'Female', '209.166.90.62'),
(387, 'Latia', 'Hartley', 'lhartleyaq@ihg.com', 'Female', '86.90.95.81'),
(388, 'Fergus', 'Kibbel', 'fkibbelar@hud.gov', 'Male', '80.219.160.117'),
(389, 'Margret', 'Lowsely', 'mlowselyas@tuttocitta.it', 'Female', '163.174.221.210'),
(390, 'Nikki', 'Rider', 'nriderat@economist.com', 'Genderfluid', '182.195.242.68'),
(391, 'Pavia', 'Anker', 'pankerau@admin.ch', 'Polygender', '177.166.148.37'),
(392, 'Jobie', 'Souley', 'jsouleyav@macromedia.com', 'Female', '24.195.22.89'),
(393, 'Alane', 'McKay', 'amckayaw@usa.gov', 'Female', '96.151.53.84'),
(394, 'Andrew', 'Jeness', 'ajenessax@mysql.com', 'Male', '45.170.112.49'),
(395, 'Constanta', 'Brody', 'cbrodyay@trellian.com', 'Non-binary', '189.11.214.184'),
(396, 'Gerik', 'Habbijam', 'ghabbijamaz@gov.uk', 'Male', '209.84.119.114'),
(397, 'Mose', 'Biggam', 'mbiggamb0@goo.gl', 'Male', '59.24.179.255'),
(398, 'Bradley', 'Huyhton', 'bhuyhtonb1@businesswire.com', 'Male', '212.111.145.32'),
(399, 'Hyman', 'Dowdney', 'hdowdneyb2@youtube.com', 'Agender', '108.219.164.142'),
(400, 'Kamilah', 'Navan', 'knavanb3@clickbank.net', 'Female', '82.248.94.6'),
(401, 'Franni', 'Wilson', 'fwilsonb4@examiner.com', 'Female', '49.58.90.106'),
(402, 'Estell', 'Beagley', 'ebeagleyb5@wordpress.com', 'Female', '132.3.0.85'),
(403, 'Jaime', 'Vlasyuk', 'jvlasyukb6@deviantart.com', 'Female', '69.208.10.116'),
(404, 'Carlee', 'Coard', 'ccoardb7@zimbio.com', 'Genderfluid', '98.85.113.10'),
(405, 'Nealson', 'Borgesio', 'nborgesiob8@oracle.com', 'Male', '109.247.104.93'),
(406, 'Daphna', 'Jayume', 'djayumeb9@sphinn.com', 'Female', '247.255.25.61'),
(407, 'Theodor', 'Morriss', 'tmorrissba@thetimes.co.uk', 'Male', '80.200.188.11'),
(408, 'Jaclin', 'Baudy', 'jbaudybb@woothemes.com', 'Female', '203.111.27.91'),
(409, 'Godfrey', 'Exposito', 'gexpositobc@mac.com', 'Male', '10.135.125.244'),
(410, 'Laurice', 'Nolleau', 'lnolleaubd@cafepress.com', 'Female', '46.89.75.134'),
(411, 'Suzanna', 'Trask', 'straskbe@qq.com', 'Female', '32.211.152.23'),
(412, 'Koren', 'Kirsop', 'kkirsopbf@ucla.edu', 'Female', '231.156.132.218'),
(413, 'Chelsea', 'Heatley', 'cheatleybg@rediff.com', 'Female', '235.166.130.107'),
(414, 'Clywd', 'Punch', 'cpunchbh@virginia.edu', 'Male', '228.119.74.254'),
(415, 'Gregoor', 'Tunnicliffe', 'gtunnicliffebi@umich.edu', 'Male', '48.19.48.77'),
(416, 'Myrna', 'Tubbles', 'mtubblesbj@google.ru', 'Female', '221.222.136.9'),
(417, 'Ximenes', 'Brownsey', 'xbrownseybk@infoseek.co.jp', 'Male', '66.159.39.158'),
(418, 'Oralla', 'Mounsey', 'omounseybl@princeton.edu', 'Female', '174.232.95.193'),
(419, 'Fae', 'Wiffill', 'fwiffillbm@vkontakte.ru', 'Genderfluid', '76.154.67.138'),
(420, 'Westbrook', 'Colenutt', 'wcolenuttbn@google.pl', 'Male', '205.90.185.73'),
(421, 'Nananne', 'Rumming', 'nrummingbo@constantcontact.com', 'Genderqueer', '63.150.26.183'),
(422, 'Christa', 'Lanyon', 'clanyonbp@wix.com', 'Female', '143.126.98.134'),
(423, 'Dav', 'Hutchason', 'dhutchasonbq@blogs.com', 'Male', '80.159.182.108'),
(424, 'Rhona', 'Haworth', 'rhaworthbr@webmd.com', 'Female', '80.248.16.100'),
(425, 'Burk', 'Derell', 'bderellbs@ucoz.ru', 'Agender', '43.90.176.34'),
(426, 'Dolores', 'Tousey', 'dtouseybt@wisc.edu', 'Female', '35.32.127.220'),
(427, 'Kevyn', 'Tremble', 'ktremblebu@tinyurl.com', 'Female', '105.169.64.234'),
(428, 'Vernice', 'Bool', 'vboolbv@simplemachines.org', 'Female', '176.214.46.152'),
(429, 'Alphard', 'Carme', 'acarmebw@guardian.co.uk', 'Male', '142.74.125.191'),
(430, 'Melva', 'Shorter', 'mshorterbx@infoseek.co.jp', 'Female', '200.246.44.142'),
(431, 'Melli', 'Fawkes', 'mfawkesby@macromedia.com', 'Female', '143.139.80.78'),
(432, 'Forbes', 'McAvey', 'fmcaveybz@state.tx.us', 'Male', '242.207.22.255'),
(433, 'Arnuad', 'Morgans', 'amorgansc0@nationalgeographic.com', 'Male', '241.183.56.190'),
(434, 'Galven', 'Gershom', 'ggershomc1@dmoz.org', 'Male', '176.242.66.156'),
(435, 'L;urette', 'Jedrasik', 'ljedrasikc2@webs.com', 'Female', '50.109.150.136'),
(436, 'Eada', 'Klimmek', 'eklimmekc3@blogs.com', 'Female', '62.14.37.203'),
(437, 'Felic', 'Fowlestone', 'ffowlestonec4@google.co.uk', 'Male', '13.251.125.103'),
(438, 'Gerick', 'Kemmer', 'gkemmerc5@cdc.gov', 'Male', '104.124.84.227'),
(439, 'Cherilynn', 'Baldocci', 'cbaldoccic6@yahoo.com', 'Non-binary', '208.115.96.73'),
(440, 'Carmine', 'Lathleiffure', 'clathleiffurec7@squarespace.com', 'Male', '169.81.240.150'),
(441, 'Leesa', 'Gerardi', 'lgerardic8@angelfire.com', 'Female', '233.100.185.149'),
(442, 'Murial', 'Bason', 'mbasonc9@ustream.tv', 'Female', '102.126.64.231'),
(443, 'Dar', 'Orton', 'dortonca@rambler.ru', 'Male', '31.153.120.87'),
(444, 'Bellanca', 'McCluney', 'bmccluneycb@newyorker.com', 'Polygender', '214.68.21.207'),
(445, 'Hope', 'Pinks', 'hpinkscc@uol.com.br', 'Female', '140.67.55.205'),
(446, 'Melissa', 'Berford', 'mberfordcd@mozilla.com', 'Female', '250.251.70.146'),
(447, 'Albina', 'Girodon', 'agirodonce@jigsy.com', 'Female', '143.230.200.218'),
(448, 'Gwendolyn', 'Luttger', 'gluttgercf@intel.com', 'Female', '142.231.213.92'),
(449, 'Orin', 'Scampion', 'oscampioncg@mac.com', 'Male', '35.92.60.41'),
(450, 'Darcey', 'Maskrey', 'dmaskreych@google.es', 'Female', '130.29.62.24'),
(451, 'Cathi', 'Earle', 'cearleci@army.mil', 'Female', '25.116.30.163'),
(452, 'Cornela', 'Danskine', 'cdanskinecj@theglobeandmail.com', 'Female', '204.168.147.252'),
(453, 'Guthry', 'Brenstuhl', 'gbrenstuhlck@pen.io', 'Male', '164.130.42.90'),
(454, 'Merrile', 'Fridlington', 'mfridlingtoncl@nyu.edu', 'Female', '101.119.245.249'),
(455, 'Jemima', 'Tether', 'jtethercm@huffingtonpost.com', 'Bigender', '132.217.239.35'),
(456, 'Issi', 'Ingarfill', 'iingarfillcn@symantec.com', 'Female', '181.240.226.132'),
(457, 'Conrado', 'Tatchell', 'ctatchellco@gmpg.org', 'Male', '73.14.84.157'),
(458, 'Mycah', 'Schnitter', 'mschnittercp@networksolutions.com', 'Male', '23.117.43.135'),
(459, 'Judon', 'Kivlehan', 'jkivlehancq@dedecms.com', 'Male', '199.172.54.247'),
(460, 'Rhodia', 'Phippen', 'rphippencr@npr.org', 'Female', '125.97.38.134'),
(461, 'Ferdinand', 'Peppett', 'fpeppettcs@github.com', 'Male', '103.60.161.0'),
(462, 'Emma', 'Case', 'ecasect@ycombinator.com', 'Female', '122.82.96.207'),
(463, 'Spencer', 'Thirsk', 'sthirskcu@furl.net', 'Male', '33.109.153.223'),
(464, 'Ewan', 'Olner', 'eolnercv@pagesperso-orange.fr', 'Male', '124.77.8.126'),
(465, 'Augustina', 'Dicks', 'adickscw@freewebs.com', 'Female', '152.68.144.131'),
(466, 'Arthur', 'Domleo', 'adomleocx@last.fm', 'Male', '254.213.134.188'),
(467, 'Kandy', 'Rorke', 'krorkecy@etsy.com', 'Genderqueer', '73.226.243.197'),
(468, 'Chrystel', 'Humphries', 'chumphriescz@telegraph.co.uk', 'Female', '164.7.38.227'),
(469, 'Jeri', 'Strong', 'jstrongd0@soup.io', 'Female', '101.46.130.204'),
(470, 'Frederich', 'Quernel', 'fquerneld1@elpais.com', 'Male', '129.29.61.160'),
(471, 'Micheline', 'Dimeloe', 'mdimeloed2@kickstarter.com', 'Female', '61.93.211.175'),
(472, 'Juana', 'Filler', 'jfillerd3@youtu.be', 'Female', '198.61.36.44'),
(473, 'Van', 'Skittrall', 'vskittralld4@google.ca', 'Male', '253.161.224.13'),
(474, 'Anet', 'Jouhan', 'ajouhand5@constantcontact.com', 'Non-binary', '236.113.96.27'),
(475, 'Judith', 'Jakubovits', 'jjakubovitsd6@yolasite.com', 'Female', '157.236.62.10'),
(476, 'Petey', 'Bettam', 'pbettamd7@de.vu', 'Male', '187.140.231.225'),
(477, 'Saxon', 'Chamberlaine', 'schamberlained8@ted.com', 'Male', '39.37.50.146'),
(478, 'Dene', 'Wingfield', 'dwingfieldd9@networkadvertising.org', 'Polygender', '213.215.132.11'),
(479, 'Celestia', 'Ivanyushkin', 'civanyushkinda@soundcloud.com', 'Female', '255.131.93.147'),
(480, 'Carey', 'Lakeland', 'clakelanddb@meetup.com', 'Male', '183.19.186.134'),
(481, 'Amalia', 'Barthelet', 'abartheletdc@myspace.com', 'Female', '208.28.248.61'),
(482, 'Monti', 'Freyn', 'mfreyndd@issuu.com', 'Male', '238.129.167.145'),
(483, 'Sherm', 'Ellesmere', 'sellesmerede@blinklist.com', 'Polygender', '47.170.123.115'),
(484, 'Morten', 'Seamons', 'mseamonsdf@shareasale.com', 'Male', '37.236.22.158'),
(485, 'Dom', 'Raiston', 'draistondg@angelfire.com', 'Male', '44.7.56.208'),
(486, 'Homer', 'Denecamp', 'hdenecampdh@newsvine.com', 'Male', '42.210.142.215'),
(487, 'Merwin', 'Deboick', 'mdeboickdi@mtv.com', 'Male', '11.58.173.198'),
(488, 'Fabe', 'Scolts', 'fscoltsdj@hostgator.com', 'Male', '152.143.136.16'),
(489, 'Ermina', 'Brilon', 'ebrilondk@seesaa.net', 'Female', '110.14.174.11'),
(490, 'Wynne', 'Davioud', 'wdaviouddl@xrea.com', 'Female', '29.90.131.155'),
(491, 'Rosemonde', 'Charnick', 'rcharnickdm@webs.com', 'Female', '132.80.82.247'),
(492, 'Cornelius', 'Westwood', 'cwestwooddn@sun.com', 'Male', '180.32.118.166'),
(493, 'Neil', 'Mc Gee', 'nmcgeedo@oakley.com', 'Male', '18.26.160.3'),
(494, 'Benito', 'Meffan', 'bmeffandp@quantcast.com', 'Male', '140.166.137.66'),
(495, 'Vanna', 'Guion', 'vguiondq@paypal.com', 'Female', '227.27.184.166'),
(496, 'Dorise', 'Gilbanks', 'dgilbanksdr@usgs.gov', 'Female', '115.235.228.255'),
(497, 'Glad', 'Bauld', 'gbauldds@dagondesign.com', 'Female', '83.255.198.190'),
(498, 'Nathanil', 'Semper', 'nsemperdt@digg.com', 'Male', '68.121.235.205'),
(499, 'Travers', 'Dimitrijevic', 'tdimitrijevicdu@stanford.edu', 'Male', '215.67.24.167'),
(500, 'Hillel', 'Larvent', 'hlarventdv@sohu.com', 'Male', '20.15.98.110'),
(501, 'Anatol', 'Henbury', 'ahenburydw@altervista.org', 'Male', '190.172.102.145'),
(502, 'Umberto', 'Beecraft', 'ubeecraftdx@cnbc.com', 'Male', '249.164.223.126'),
(503, 'Dorothy', 'Philips', 'dphilipsdy@youtube.com', 'Female', '97.135.171.68'),
(504, 'Dulce', 'Yuranovev', 'dyuranovevdz@ehow.com', 'Female', '122.213.95.46'),
(505, 'Rollin', 'Annett', 'rannette0@yelp.com', 'Male', '1.176.144.96'),
(506, 'Christopher', 'Tellett', 'ctellette1@techcrunch.com', 'Male', '41.21.37.51'),
(507, 'Rafael', 'Gane', 'rganee2@imageshack.us', 'Male', '90.103.192.239'),
(508, 'Fanni', 'Dudgeon', 'fdudgeone3@google.de', 'Female', '68.234.252.218'),
(509, 'Marcella', 'Bittlestone', 'mbittlestonee4@businessinsider.com', 'Female', '230.236.194.86'),
(510, 'Brunhilda', 'Moyce', 'bmoycee5@multiply.com', 'Female', '239.193.173.228'),
(511, 'Bordy', 'Gorusso', 'bgorussoe6@geocities.com', 'Male', '155.159.100.16'),
(512, 'Jaime', 'Rosenberger', 'jrosenbergere7@fema.gov', 'Male', '170.159.167.69'),
(513, 'Carlyle', 'Patience', 'cpatiencee8@google.ca', 'Male', '23.150.124.240'),
(514, 'Elli', 'Niezen', 'eniezene9@comcast.net', 'Female', '245.143.248.56'),
(515, 'Dex', 'Marven', 'dmarvenea@comsenz.com', 'Male', '13.155.249.199'),
(516, 'Cissy', 'Allibone', 'calliboneeb@typepad.com', 'Female', '66.139.62.178'),
(517, 'Chantal', 'Clemmitt', 'cclemmittec@pagesperso-orange.fr', 'Female', '18.57.179.22'),
(518, 'Norris', 'Normand', 'nnormanded@ucsd.edu', 'Male', '245.82.0.243'),
(519, 'Rickert', 'Boulsher', 'rboulsheree@wix.com', 'Male', '150.69.59.131'),
(520, 'Vince', 'Glendinning', 'vglendinningef@phoca.cz', 'Male', '117.140.119.111'),
(521, 'Fernandina', 'Haggerwood', 'fhaggerwoodeg@rakuten.co.jp', 'Female', '189.144.160.30'),
(522, 'Ansell', 'O\' Hanvey', 'aohanveyeh@google.cn', 'Male', '30.59.164.149'),
(523, 'Karen', 'Russilll', 'krussilllei@exblog.jp', 'Female', '191.105.178.47'),
(524, 'Ivette', 'Falla', 'ifallaej@blinklist.com', 'Female', '62.56.60.56'),
(525, 'Dulcy', 'Attaway', 'dattawayek@examiner.com', 'Female', '154.36.61.208'),
(526, 'Eddie', 'Korting', 'ekortingel@unblog.fr', 'Male', '83.217.83.229'),
(527, 'Nady', 'Walenta', 'nwalentaem@ycombinator.com', 'Female', '202.214.220.221'),
(528, 'Jermaine', 'Spark', 'jsparken@ebay.co.uk', 'Female', '50.13.58.40'),
(529, 'Jarrod', 'Knightsbridge', 'jknightsbridgeeo@ow.ly', 'Male', '227.12.227.131'),
(530, 'Misti', 'Shackle', 'mshackleep@paginegialle.it', 'Female', '162.86.184.235'),
(531, 'Livy', 'Hastilow', 'lhastiloweq@dailymotion.com', 'Female', '151.123.14.114'),
(532, 'Olympe', 'Pendock', 'opendocker@netvibes.com', 'Female', '123.178.208.180'),
(533, 'Curcio', 'Aristide', 'caristidees@ft.com', 'Male', '136.245.200.252'),
(534, 'Caitlin', 'Guyver', 'cguyveret@mit.edu', 'Female', '185.235.64.216'),
(535, 'Kristos', 'Howick', 'khowickeu@yahoo.com', 'Male', '90.225.41.176'),
(536, 'Sumner', 'Jerdein', 'sjerdeinev@creativecommons.org', 'Male', '252.198.183.221'),
(537, 'Adah', 'Osinin', 'aosininew@wufoo.com', 'Female', '203.26.222.110'),
(538, 'Frannie', 'Fruish', 'ffruishex@reuters.com', 'Male', '77.1.90.218'),
(539, 'Jareb', 'Norway', 'jnorwayey@bloomberg.com', 'Male', '145.235.44.71'),
(540, 'Erwin', 'Bertome', 'ebertomeez@toplist.cz', 'Male', '217.236.124.196'),
(541, 'Shanan', 'Toy', 'stoyf0@cbsnews.com', 'Male', '172.19.83.123'),
(542, 'Shurlocke', 'Welbrock', 'swelbrockf1@rambler.ru', 'Male', '121.118.100.53'),
(543, 'Carny', 'Jezard', 'cjezardf2@loc.gov', 'Male', '219.83.25.149'),
(544, 'Storm', 'Chattelaine', 'schattelainef3@zdnet.com', 'Female', '6.142.18.61'),
(545, 'Dee dee', 'Donner', 'ddonnerf4@earthlink.net', 'Female', '195.4.61.184'),
(546, 'North', 'Tubby', 'ntubbyf5@imdb.com', 'Male', '254.123.133.144'),
(547, 'Mallory', 'Gittose', 'mgittosef6@java.com', 'Male', '234.15.191.90'),
(548, 'Shawn', 'Mitchenson', 'smitchensonf7@hexun.com', 'Male', '161.88.204.210'),
(549, 'Charlena', 'Werner', 'cwernerf8@mayoclinic.com', 'Female', '36.124.48.32'),
(550, 'Abrahan', 'Koschke', 'akoschkef9@uol.com.br', 'Male', '143.192.230.18'),
(551, 'Kevin', 'Duesberry', 'kduesberryfa@ihg.com', 'Male', '230.246.188.70'),
(552, 'Kliment', 'Cosans', 'kcosansfb@princeton.edu', 'Male', '157.131.195.75'),
(553, 'Iormina', 'Cluse', 'iclusefc@oracle.com', 'Female', '70.6.52.61'),
(554, 'Sabine', 'Withur', 'swithurfd@theglobeandmail.com', 'Female', '205.196.239.185'),
(555, 'Osgood', 'Eathorne', 'oeathornefe@acquirethisname.com', 'Male', '200.209.194.189'),
(556, 'Mair', 'Parcall', 'mparcallff@163.com', 'Female', '215.241.97.163'),
(557, 'Nanci', 'Albin', 'nalbinfg@angelfire.com', 'Female', '85.37.52.97'),
(558, 'Ricki', 'Rubenovic', 'rrubenovicfh@twitter.com', 'Female', '152.167.160.70'),
(559, 'Homer', 'Vaisey', 'hvaiseyfi@nifty.com', 'Male', '30.195.92.247'),
(560, 'Dannie', 'Antoniou', 'dantonioufj@cafepress.com', 'Female', '92.80.209.95'),
(561, 'Kameko', 'Mortimer', 'kmortimerfk@trellian.com', 'Female', '240.178.134.47'),
(562, 'Kennedy', 'Horsburgh', 'khorsburghfl@usa.gov', 'Male', '52.158.200.223'),
(563, 'Newton', 'Climar', 'nclimarfm@youku.com', 'Male', '35.139.120.145'),
(564, 'Lonni', 'Feltoe', 'lfeltoefn@amazon.co.jp', 'Female', '126.134.48.202'),
(565, 'Sarajane', 'Seale', 'ssealefo@prweb.com', 'Female', '198.22.22.24'),
(566, 'Brynn', 'Abrahami', 'babrahamifp@senate.gov', 'Agender', '240.157.41.110'),
(567, 'Celia', 'Augustus', 'caugustusfq@imdb.com', 'Agender', '217.100.225.184'),
(568, 'Gayle', 'Almack', 'galmackfr@cisco.com', 'Female', '64.244.54.20'),
(569, 'Somerset', 'Marshal', 'smarshalfs@shinystat.com', 'Genderfluid', '39.54.140.74'),
(570, 'Deeyn', 'Roswarne', 'droswarneft@oakley.com', 'Female', '23.239.66.244'),
(571, 'Aurelie', 'Fendt', 'afendtfu@is.gd', 'Female', '56.69.79.215'),
(572, 'Gerrie', 'Carlsson', 'gcarlssonfv@discovery.com', 'Male', '216.194.49.1'),
(573, 'Joby', 'Hansen', 'jhansenfw@tinypic.com', 'Female', '92.208.221.103'),
(574, 'Skelly', 'Redding', 'sreddingfx@theglobeandmail.com', 'Male', '122.173.75.170'),
(575, 'Rosmunda', 'Wearden', 'rweardenfy@hubpages.com', 'Female', '198.27.187.167'),
(576, 'Mata', 'Brandenburg', 'mbrandenburgfz@hp.com', 'Male', '33.196.71.6'),
(577, 'Roberta', 'Jeckells', 'rjeckellsg0@nsw.gov.au', 'Female', '170.55.143.74'),
(578, 'Delly', 'Duligal', 'dduligalg1@ed.gov', 'Female', '140.132.54.251'),
(579, 'Eula', 'Poker', 'epokerg2@forbes.com', 'Female', '220.248.102.116'),
(580, 'Opalina', 'Trittam', 'otrittamg3@merriam-webster.com', 'Female', '253.200.156.2'),
(581, 'Kathryne', 'Soggee', 'ksoggeeg4@alexa.com', 'Female', '48.45.146.178'),
(582, 'Jay', 'Kobera', 'jkoberag5@mac.com', 'Non-binary', '21.93.125.226'),
(583, 'Corny', 'Elintune', 'celintuneg6@kickstarter.com', 'Male', '125.106.197.67'),
(584, 'Bartholomew', 'Auston', 'baustong7@google.de', 'Male', '147.211.40.36'),
(585, 'Bruis', 'Jachtym', 'bjachtymg8@angelfire.com', 'Male', '118.16.21.144'),
(586, 'Wendall', 'Ferby', 'wferbyg9@diigo.com', 'Male', '15.102.73.137'),
(587, 'Finlay', 'Locarno', 'flocarnoga@zdnet.com', 'Male', '194.119.207.172'),
(588, 'Xenia', 'Asgodby', 'xasgodbygb@jigsy.com', 'Female', '145.150.32.41'),
(589, 'Gaven', 'Tuting', 'gtutinggc@slate.com', 'Male', '180.165.181.75'),
(590, 'Jamaal', 'Pagram', 'jpagramgd@psu.edu', 'Male', '60.233.47.18'),
(591, 'Julissa', 'Shippey', 'jshippeyge@nba.com', 'Female', '250.162.92.172'),
(592, 'Isadora', 'Gaynes', 'igaynesgf@chron.com', 'Female', '97.137.219.135'),
(593, 'Noam', 'Gummie', 'ngummiegg@jiathis.com', 'Male', '30.150.89.32'),
(594, 'Jess', 'Marcinkus', 'jmarcinkusgh@skype.com', 'Female', '205.82.232.221'),
(595, 'Jerrie', 'Ziehms', 'jziehmsgi@mit.edu', 'Male', '233.190.185.235'),
(596, 'Rufus', 'Bittleson', 'rbittlesongj@yahoo.co.jp', 'Genderqueer', '37.176.119.19'),
(597, 'Rozanna', 'Arter', 'rartergk@delicious.com', 'Female', '52.241.100.172'),
(598, 'Annabelle', 'Boundey', 'aboundeygl@pcworld.com', 'Bigender', '227.169.203.124'),
(599, 'Darb', 'Heugel', 'dheugelgm@chronoengine.com', 'Male', '24.64.75.248'),
(600, 'Heall', 'Hearnaman', 'hhearnamangn@moonfruit.com', 'Male', '8.112.165.254'),
(601, 'Lem', 'Wathall', 'lwathallgo@uol.com.br', 'Male', '99.10.235.83'),
(602, 'Melania', 'Knevit', 'mknevitgp@engadget.com', 'Female', '82.208.218.241'),
(603, 'Brander', 'Tyson', 'btysongq@dyndns.org', 'Male', '201.134.154.177'),
(604, 'Hyacinthe', 'Windsor', 'hwindsorgr@weather.com', 'Female', '71.198.236.132'),
(605, 'Devina', 'Greest', 'dgreestgs@g.co', 'Genderqueer', '20.245.85.6'),
(606, 'Kiersten', 'Minnette', 'kminnettegt@friendfeed.com', 'Female', '208.58.14.142'),
(607, 'Trenna', 'Dagless', 'tdaglessgu@php.net', 'Female', '231.104.210.116'),
(608, 'Raffarty', 'Yeude', 'ryeudegv@google.co.jp', 'Male', '152.40.187.90'),
(609, 'Arly', 'Kabisch', 'akabischgw@latimes.com', 'Female', '232.173.242.252'),
(610, 'Hadlee', 'Whyteman', 'hwhytemangx@sfgate.com', 'Male', '32.99.232.122'),
(611, 'Waylen', 'Nussey', 'wnusseygy@marketwatch.com', 'Male', '224.244.79.53'),
(612, 'Arturo', 'Cowey', 'acoweygz@yelp.com', 'Male', '210.108.253.126'),
(613, 'Lula', 'Paynes', 'lpaynesh0@youku.com', 'Female', '92.124.173.168'),
(614, 'Norby', 'Kleis', 'nkleish1@aol.com', 'Male', '177.166.18.169'),
(615, 'Cristionna', 'Noad', 'cnoadh2@slideshare.net', 'Female', '162.233.171.13'),
(616, 'Lazarus', 'Bennedsen', 'lbennedsenh3@google.fr', 'Male', '79.166.40.92'),
(617, 'Leon', 'Peasee', 'lpeaseeh4@cpanel.net', 'Male', '123.73.13.178'),
(618, 'Whitby', 'Kitchin', 'wkitchinh5@sciencedirect.com', 'Male', '233.212.87.88'),
(619, 'Mallissa', 'Jeffs', 'mjeffsh6@examiner.com', 'Female', '100.115.227.249'),
(620, 'Adriana', 'Olivier', 'aolivierh7@usa.gov', 'Female', '222.5.62.239'),
(621, 'Kirsteni', 'Jedrychowski', 'kjedrychowskih8@xrea.com', 'Female', '231.10.57.28'),
(622, 'Dayna', 'Evison', 'devisonh9@harvard.edu', 'Female', '12.42.153.100'),
(623, 'Curran', 'Lavis', 'clavisha@360.cn', 'Male', '219.96.253.46'),
(624, 'Nicoline', 'Bugler', 'nbuglerhb@nsw.gov.au', 'Female', '127.245.254.68'),
(625, 'Moe', 'Mayoral', 'mmayoralhc@themeforest.net', 'Male', '31.31.185.40'),
(626, 'Tulley', 'Feather', 'tfeatherhd@cam.ac.uk', 'Male', '111.170.38.122'),
(627, 'Shalne', 'Clowser', 'sclowserhe@mysql.com', 'Female', '117.160.239.185'),
(628, 'Alta', 'Hegg', 'ahegghf@merriam-webster.com', 'Polygender', '191.37.141.205'),
(629, 'Goddart', 'Johnstone', 'gjohnstonehg@skype.com', 'Genderqueer', '90.204.195.100'),
(630, 'Putnem', 'Larmor', 'plarmorhh@vinaora.com', 'Male', '254.181.22.99'),
(631, 'Geoffry', 'Kirsch', 'gkirschhi@soundcloud.com', 'Male', '184.26.194.45'),
(632, 'Eulalie', 'Fenimore', 'efenimorehj@over-blog.com', 'Female', '232.191.27.248'),
(633, 'Dewain', 'Seedhouse', 'dseedhousehk@tinyurl.com', 'Male', '33.96.230.166'),
(634, 'Aurelia', 'Allner', 'aallnerhl@purevolume.com', 'Female', '243.229.221.85'),
(635, 'Menard', 'Gurys', 'mguryshm@dmoz.org', 'Male', '42.62.29.182'),
(636, 'Morton', 'Tinan', 'mtinanhn@google.com.au', 'Male', '66.46.135.64');
INSERT INTO `mock` (`id`, `first_name`, `last_name`, `email`, `gender`, `ip_address`) VALUES
(637, 'Gennifer', 'De Maine', 'gdemaineho@who.int', 'Female', '142.159.143.176'),
(638, 'Jillana', 'Bunclark', 'jbunclarkhp@samsung.com', 'Female', '210.82.133.202'),
(639, 'Barney', 'Battson', 'bbattsonhq@hc360.com', 'Non-binary', '240.139.93.44'),
(640, 'Alameda', 'Teodorski', 'ateodorskihr@smh.com.au', 'Female', '28.0.152.137'),
(641, 'Estevan', 'Harle', 'eharlehs@nih.gov', 'Male', '148.79.248.103'),
(642, 'Bartel', 'Dyne', 'bdyneht@ebay.com', 'Male', '75.34.77.203'),
(643, 'Yulma', 'Tillard', 'ytillardhu@behance.net', 'Male', '179.158.73.181'),
(644, 'Ardys', 'Poure', 'apourehv@reverbnation.com', 'Female', '52.107.28.165'),
(645, 'Bil', 'Mallebone', 'bmallebonehw@drupal.org', 'Male', '129.73.31.216'),
(646, 'Timmy', 'Hairsnape', 'thairsnapehx@youtube.com', 'Male', '185.10.58.110'),
(647, 'Levin', 'Sibbald', 'lsibbaldhy@guardian.co.uk', 'Male', '140.127.175.125'),
(648, 'Erny', 'Waldren', 'ewaldrenhz@smugmug.com', 'Male', '222.228.91.67'),
(649, 'Tanner', 'Bonney', 'tbonneyi0@yolasite.com', 'Male', '20.229.72.166'),
(650, 'Irwin', 'Barnwall', 'ibarnwalli1@unc.edu', 'Male', '43.60.8.208'),
(651, 'Joline', 'Pudding', 'jpuddingi2@geocities.com', 'Female', '6.96.175.204'),
(652, 'Meir', 'Seawright', 'mseawrighti3@wikispaces.com', 'Male', '16.148.21.103'),
(653, 'Gayel', 'Richardes', 'grichardesi4@woothemes.com', 'Female', '64.0.255.46'),
(654, 'Danya', 'Kolis', 'dkolisi5@topsy.com', 'Male', '204.10.198.176'),
(655, 'Thebault', 'De Wolfe', 'tdewolfei6@bing.com', 'Male', '203.178.151.153'),
(656, 'Margareta', 'Mellonby', 'mmellonbyi7@aol.com', 'Female', '44.151.160.138'),
(657, 'Meggi', 'McWilliam', 'mmcwilliami8@google.pl', 'Female', '241.106.18.156'),
(658, 'Georgeanna', 'Claeskens', 'gclaeskensi9@irs.gov', 'Female', '67.105.28.88'),
(659, 'Frans', 'Batalle', 'fbatalleia@yellowbook.com', 'Male', '155.110.29.1'),
(660, 'Brewer', 'Pycock', 'bpycockib@soup.io', 'Male', '38.175.153.192'),
(661, 'Charla', 'Grannell', 'cgrannellic@pinterest.com', 'Female', '9.41.142.234'),
(662, 'Huntley', 'Lorinez', 'hlorinezid@networksolutions.com', 'Polygender', '159.34.108.170'),
(663, 'Kevon', 'Dow', 'kdowie@skyrock.com', 'Male', '209.53.129.114'),
(664, 'Patsy', 'Eglese', 'pegleseif@amazonaws.com', 'Male', '172.231.94.175'),
(665, 'Steffie', 'Cortes', 'scortesig@seattletimes.com', 'Female', '51.244.76.83'),
(666, 'Nerti', 'Dawid', 'ndawidih@mapy.cz', 'Female', '159.60.242.246'),
(667, 'Marsha', 'McIlvenny', 'mmcilvennyii@cbc.ca', 'Non-binary', '150.19.164.181'),
(668, 'Winne', 'Stihl', 'wstihlij@ed.gov', 'Female', '241.236.240.90'),
(669, 'Bibbye', 'Jacklings', 'bjacklingsik@geocities.jp', 'Agender', '51.18.155.156'),
(670, 'Simon', 'Peotz', 'speotzil@amazon.com', 'Male', '109.59.191.173'),
(671, 'Collie', 'Paunton', 'cpauntonim@shop-pro.jp', 'Female', '85.80.83.229'),
(672, 'Crin', 'Ferrarin', 'cferrarinin@scribd.com', 'Female', '85.150.155.94'),
(673, 'Imelda', 'Willoughby', 'iwilloughbyio@mlb.com', 'Female', '223.42.186.60'),
(674, 'Johnette', 'Hart', 'jhartip@sun.com', 'Female', '88.206.51.37'),
(675, 'Alyce', 'Garber', 'agarberiq@washingtonpost.com', 'Female', '168.134.102.220'),
(676, 'Dietrich', 'McManamen', 'dmcmanamenir@example.com', 'Agender', '205.201.212.234'),
(677, 'Florina', 'Suermeier', 'fsuermeieris@mlb.com', 'Female', '188.151.232.189'),
(678, 'Adey', 'Fishe', 'afisheit@usda.gov', 'Female', '143.130.87.234'),
(679, 'Shellysheldon', 'Boken', 'sbokeniu@cnn.com', 'Male', '202.81.156.234'),
(680, 'Arleyne', 'Dubs', 'adubsiv@ifeng.com', 'Non-binary', '146.13.221.164'),
(681, 'Jillie', 'Lickorish', 'jlickorishiw@theatlantic.com', 'Female', '114.96.197.90'),
(682, 'Pansy', 'Corzor', 'pcorzorix@symantec.com', 'Female', '181.6.99.152'),
(683, 'Cosette', 'Paladini', 'cpaladiniiy@wikia.com', 'Female', '11.92.25.166'),
(684, 'Tammy', 'Stanton', 'tstantoniz@economist.com', 'Male', '110.244.72.175'),
(685, 'Gill', 'Blanckley', 'gblanckleyj0@etsy.com', 'Female', '76.18.249.86'),
(686, 'Thorndike', 'Strudwick', 'tstrudwickj1@wordpress.org', 'Male', '149.135.247.121'),
(687, 'Jania', 'Lindstedt', 'jlindstedtj2@vk.com', 'Female', '196.180.139.156'),
(688, 'Seana', 'Fasler', 'sfaslerj3@dmoz.org', 'Female', '236.190.45.245'),
(689, 'Adella', 'Clowsley', 'aclowsleyj4@unicef.org', 'Female', '57.247.36.216'),
(690, 'Tyler', 'Bundy', 'tbundyj5@dropbox.com', 'Male', '90.43.26.197'),
(691, 'Davide', 'Allerton', 'dallertonj6@godaddy.com', 'Male', '153.124.136.200'),
(692, 'Suzy', 'Eslinger', 'seslingerj7@miitbeian.gov.cn', 'Female', '92.141.184.188'),
(693, 'Fayre', 'Christofle', 'fchristoflej8@who.int', 'Female', '140.205.232.250'),
(694, 'Moira', 'Alejandri', 'malejandrij9@amazon.de', 'Female', '147.166.236.89'),
(695, 'Giacobo', 'Besnardeau', 'gbesnardeauja@si.edu', 'Male', '212.215.146.72'),
(696, 'Monro', 'Castagne', 'mcastagnejb@ycombinator.com', 'Male', '88.72.5.191'),
(697, 'Garv', 'Jedrzej', 'gjedrzejjc@ftc.gov', 'Male', '3.20.235.237'),
(698, 'Claudetta', 'Bellam', 'cbellamjd@soundcloud.com', 'Female', '74.252.155.239'),
(699, 'Mathew', 'Edeson', 'medesonje@biglobe.ne.jp', 'Male', '34.105.46.133'),
(700, 'Gillian', 'Dunne', 'gdunnejf@fastcompany.com', 'Female', '158.29.185.146'),
(701, 'Nick', 'Hoolaghan', 'nhoolaghanjg@skyrock.com', 'Male', '110.174.231.247'),
(702, 'Siobhan', 'Cridlon', 'scridlonjh@jigsy.com', 'Female', '1.200.195.19'),
(703, 'Jsandye', 'Dillicate', 'jdillicateji@acquirethisname.com', 'Female', '177.226.239.57'),
(704, 'Barnabe', 'Ruoss', 'bruossjj@telegraph.co.uk', 'Male', '151.43.73.249'),
(705, 'Morganne', 'Bowfin', 'mbowfinjk@networkadvertising.org', 'Female', '86.94.124.85'),
(706, 'Caressa', 'Cromar', 'ccromarjl@noaa.gov', 'Polygender', '248.147.226.159'),
(707, 'Rutledge', 'Jankovsky', 'rjankovskyjm@google.com.br', 'Male', '253.129.32.176'),
(708, 'Gerald', 'Golds', 'ggoldsjn@qq.com', 'Male', '84.136.108.164'),
(709, 'Bevon', 'Leacock', 'bleacockjo@vistaprint.com', 'Male', '189.210.46.179'),
(710, 'Danila', 'McBain', 'dmcbainjp@google.com.au', 'Female', '98.83.220.194'),
(711, 'Ganny', 'Bernhardt', 'gbernhardtjq@rakuten.co.jp', 'Agender', '172.67.240.37'),
(712, 'Arleen', 'Sibray', 'asibrayjr@miibeian.gov.cn', 'Female', '57.42.184.131'),
(713, 'Beatrix', 'Mountjoy', 'bmountjoyjs@blogger.com', 'Female', '190.218.121.133'),
(714, 'Gerrilee', 'Mahady', 'gmahadyjt@google.it', 'Female', '59.157.167.68'),
(715, 'Tann', 'Lanchester', 'tlanchesterju@mit.edu', 'Male', '125.218.211.188'),
(716, 'Margarita', 'Copestake', 'mcopestakejv@pcworld.com', 'Female', '161.191.47.7'),
(717, 'Jesse', 'Mabbitt', 'jmabbittjw@prweb.com', 'Female', '1.166.19.243'),
(718, 'Kylynn', 'Bernini', 'kberninijx@desdev.cn', 'Female', '121.51.237.185'),
(719, 'Shawn', 'Apthorpe', 'sapthorpejy@indiatimes.com', 'Male', '144.83.146.82'),
(720, 'Eimile', 'Brushneen', 'ebrushneenjz@bloglovin.com', 'Female', '83.79.105.58'),
(721, 'Hilde', 'Stait', 'hstaitk0@msu.edu', 'Female', '13.114.63.108'),
(722, 'Rhianna', 'Heasly', 'rheaslyk1@cloudflare.com', 'Non-binary', '207.120.65.209'),
(723, 'Ertha', 'Lauret', 'elauretk2@xrea.com', 'Female', '85.208.42.67'),
(724, 'Felix', 'Hunnicot', 'fhunnicotk3@squidoo.com', 'Male', '212.23.124.156'),
(725, 'Bea', 'Rowlatt', 'browlattk4@home.pl', 'Female', '117.72.17.141'),
(726, 'Gloria', 'Placide', 'gplacidek5@princeton.edu', 'Female', '186.127.251.29'),
(727, 'Pryce', 'Bartelet', 'pbarteletk6@alexa.com', 'Male', '181.157.214.157'),
(728, 'Anetta', 'Jewise', 'ajewisek7@google.co.uk', 'Female', '255.252.213.65'),
(729, 'Teddy', 'Brosh', 'tbroshk8@sourceforge.net', 'Bigender', '129.87.194.250'),
(730, 'Etan', 'Shillan', 'eshillank9@google.nl', 'Male', '179.209.211.241'),
(731, 'Jethro', 'Calderon', 'jcalderonka@merriam-webster.com', 'Agender', '81.89.163.15'),
(732, 'Crystie', 'Scullion', 'cscullionkb@cornell.edu', 'Agender', '70.75.112.183'),
(733, 'Filberte', 'Hendricks', 'fhendrickskc@networkadvertising.org', 'Male', '118.45.182.44'),
(734, 'Rhianna', 'Pawling', 'rpawlingkd@archive.org', 'Female', '178.94.80.35'),
(735, 'Genevieve', 'Woodrow', 'gwoodrowke@cdc.gov', 'Female', '222.216.91.74'),
(736, 'Terrance', 'Radbourn', 'tradbournkf@unc.edu', 'Male', '83.62.135.225'),
(737, 'Celina', 'Von Brook', 'cvonbrookkg@state.tx.us', 'Female', '253.229.128.38'),
(738, 'Goran', 'Harston', 'gharstonkh@microsoft.com', 'Male', '158.8.250.112'),
(739, 'Lanita', 'Griffin', 'lgriffinki@guardian.co.uk', 'Female', '97.153.122.136'),
(740, 'Adriane', 'Kleyn', 'akleynkj@toplist.cz', 'Female', '246.133.69.211'),
(741, 'Rudd', 'Althrope', 'ralthropekk@usnews.com', 'Male', '72.15.179.39'),
(742, 'Udale', 'Kitteringham', 'ukitteringhamkl@google.pl', 'Male', '137.104.62.53'),
(743, 'Reinold', 'Boutellier', 'rboutellierkm@blogs.com', 'Male', '107.122.125.171'),
(744, 'Becca', 'Hitscher', 'bhitscherkn@umn.edu', 'Female', '191.137.28.197'),
(745, 'Kaila', 'Duffin', 'kduffinko@moonfruit.com', 'Female', '7.100.88.131'),
(746, 'Felisha', 'Makeswell', 'fmakeswellkp@cisco.com', 'Female', '22.44.23.12'),
(747, 'Nichols', 'Sauvain', 'nsauvainkq@samsung.com', 'Polygender', '222.29.16.5'),
(748, 'Katy', 'Ajsik', 'kajsikkr@sbwire.com', 'Female', '186.125.13.107'),
(749, 'Darsie', 'Dafforne', 'ddafforneks@unblog.fr', 'Female', '180.41.28.215'),
(750, 'Wilmar', 'Van Der Vlies', 'wvandervlieskt@yahoo.com', 'Male', '87.254.249.165'),
(751, 'Koren', 'Sexti', 'ksextiku@disqus.com', 'Female', '30.21.85.61'),
(752, 'Orly', 'Mole', 'omolekv@go.com', 'Female', '148.18.169.74'),
(753, 'Sianna', 'Gottschalk', 'sgottschalkkw@dropbox.com', 'Female', '7.56.23.103'),
(754, 'Granger', 'Jollye', 'gjollyekx@cocolog-nifty.com', 'Male', '124.204.213.227'),
(755, 'Starlin', 'Dyball', 'sdyballky@cbc.ca', 'Female', '115.111.189.117'),
(756, 'Emma', 'Colbeck', 'ecolbeckkz@phpbb.com', 'Female', '164.225.101.212'),
(757, 'Sebastien', 'Crowhurst', 'scrowhurstl0@disqus.com', 'Agender', '156.31.94.164'),
(758, 'Sidonnie', 'Bruckenthal', 'sbruckenthall1@hhs.gov', 'Female', '154.49.117.236'),
(759, 'Janetta', 'Oxtoby', 'joxtobyl2@microsoft.com', 'Female', '130.176.144.254'),
(760, 'Pru', 'Ickovicz', 'pickoviczl3@state.gov', 'Female', '171.104.253.33'),
(761, 'Pepillo', 'Prewer', 'pprewerl4@twitpic.com', 'Male', '129.94.115.49'),
(762, 'Nyssa', 'Bratchell', 'nbratchelll5@statcounter.com', 'Female', '134.229.163.206'),
(763, 'Dani', 'Ickowics', 'dickowicsl6@adobe.com', 'Male', '225.1.105.166'),
(764, 'Sibilla', 'Demoge', 'sdemogel7@disqus.com', 'Female', '87.65.161.28'),
(765, 'Rosalinde', 'Clover', 'rcloverl8@kickstarter.com', 'Female', '50.192.177.229'),
(766, 'Thedrick', 'Hartus', 'thartusl9@archive.org', 'Male', '144.252.237.83'),
(767, 'Bartholomeo', 'Kepling', 'bkeplingla@cisco.com', 'Agender', '104.210.111.219'),
(768, 'Aurea', 'Waddam', 'awaddamlb@businesswire.com', 'Female', '37.175.16.221'),
(769, 'Sindee', 'Eskrick', 'seskricklc@google.de', 'Female', '168.1.197.38'),
(770, 'Jacquette', 'Badwick', 'jbadwickld@qq.com', 'Female', '242.158.41.45'),
(771, 'Tremayne', 'Barbery', 'tbarberyle@statcounter.com', 'Male', '215.67.194.254'),
(772, 'Ardyth', 'Thams', 'athamslf@foxnews.com', 'Female', '177.196.1.109'),
(773, 'Nonie', 'Dittson', 'ndittsonlg@msn.com', 'Female', '251.122.253.207'),
(774, 'Theodoric', 'Loakes', 'tloakeslh@furl.net', 'Male', '59.253.241.92'),
(775, 'Rahel', 'Slingsby', 'rslingsbyli@yellowpages.com', 'Female', '210.32.22.63'),
(776, 'Petra', 'Michel', 'pmichellj@issuu.com', 'Female', '40.129.14.56'),
(777, 'Meta', 'Valsler', 'mvalslerlk@newsvine.com', 'Female', '247.130.239.48'),
(778, 'Konrad', 'Gocke', 'kgockell@prnewswire.com', 'Male', '183.249.14.224'),
(779, 'Cecilio', 'Moorey', 'cmooreylm@usgs.gov', 'Male', '44.17.2.186'),
(780, 'Roz', 'Gelland', 'rgellandln@youku.com', 'Female', '113.6.146.126'),
(781, 'Fannie', 'Chaise', 'fchaiselo@google.co.jp', 'Female', '14.202.164.41'),
(782, 'Moira', 'Newsham', 'mnewshamlp@miitbeian.gov.cn', 'Female', '216.160.4.13'),
(783, 'Guillermo', 'Wolland', 'gwollandlq@seattletimes.com', 'Male', '26.175.106.136'),
(784, 'Jeralee', 'Malyj', 'jmalyjlr@w3.org', 'Female', '254.103.16.58'),
(785, 'Ginevra', 'Disbury', 'gdisburyls@indiegogo.com', 'Non-binary', '216.200.93.237'),
(786, 'Almira', 'Siehard', 'asiehardlt@unc.edu', 'Female', '103.176.183.80'),
(787, 'Caroline', 'Puddin', 'cpuddinlu@tamu.edu', 'Female', '58.249.22.108'),
(788, 'Feodora', 'Riping', 'fripinglv@washingtonpost.com', 'Female', '94.223.139.92'),
(789, 'Bink', 'Delucia', 'bdelucialw@rakuten.co.jp', 'Male', '103.248.211.189'),
(790, 'Broderic', 'Weblin', 'bweblinlx@chicagotribune.com', 'Male', '163.213.23.187'),
(791, 'Dare', 'Durden', 'ddurdenly@amazonaws.com', 'Male', '169.38.206.217'),
(792, 'Galvin', 'Galliard', 'ggalliardlz@typepad.com', 'Male', '97.62.192.25'),
(793, 'Dewitt', 'Lanahan', 'dlanahanm0@nps.gov', 'Male', '59.79.217.135'),
(794, 'Baxy', 'Haliburn', 'bhaliburnm1@msn.com', 'Male', '247.79.139.169'),
(795, 'Nickolai', 'Ingram', 'ningramm2@cargocollective.com', 'Male', '173.180.61.174'),
(796, 'Ariella', 'Davidy', 'adavidym3@sina.com.cn', 'Female', '16.138.31.143'),
(797, 'Helena', 'Attoe', 'hattoem4@sfgate.com', 'Female', '98.114.114.154'),
(798, 'Hyman', 'McMickan', 'hmcmickanm5@blog.com', 'Male', '225.67.149.237'),
(799, 'Dorisa', 'Pawelczyk', 'dpawelczykm6@ocn.ne.jp', 'Female', '1.188.223.61'),
(800, 'Emma', 'Grisard', 'egrisardm7@oakley.com', 'Female', '136.247.99.51'),
(801, 'Phil', 'Gye', 'pgyem8@ed.gov', 'Female', '230.64.86.230'),
(802, 'Laurena', 'Willbraham', 'lwillbrahamm9@usgs.gov', 'Female', '150.107.114.149'),
(803, 'Opalina', 'Gilders', 'ogildersma@liveinternet.ru', 'Female', '28.218.178.83'),
(804, 'Gerty', 'Grimm', 'ggrimmmb@purevolume.com', 'Female', '36.85.156.111'),
(805, 'Vally', 'Chate', 'vchatemc@earthlink.net', 'Polygender', '249.221.31.52'),
(806, 'Filberto', 'Cotgrove', 'fcotgrovemd@msn.com', 'Male', '81.130.111.99'),
(807, 'Sheffield', 'Physic', 'sphysicme@sciencedaily.com', 'Male', '211.19.160.152'),
(808, 'Tami', 'Sculpher', 'tsculphermf@constantcontact.com', 'Female', '57.54.253.254'),
(809, 'Shannen', 'Klass', 'sklassmg@arstechnica.com', 'Female', '81.127.77.44'),
(810, 'Fergus', 'Chatres', 'fchatresmh@examiner.com', 'Male', '240.42.39.37'),
(811, 'Patsy', 'Westney', 'pwestneymi@constantcontact.com', 'Female', '77.124.243.229'),
(812, 'Shaina', 'Startin', 'sstartinmj@nba.com', 'Female', '140.79.225.185'),
(813, 'Rachelle', 'Pugh', 'rpughmk@phoca.cz', 'Female', '111.88.65.42'),
(814, 'Lindsay', 'Giorgini', 'lgiorginiml@ucsd.edu', 'Non-binary', '75.219.29.28'),
(815, 'Jeromy', 'Coger', 'jcogermm@noaa.gov', 'Male', '98.215.18.226'),
(816, 'Hollyanne', 'Mozzini', 'hmozzinimn@adobe.com', 'Female', '202.119.193.105'),
(817, 'Anneliese', 'Farebrother', 'afarebrothermo@reuters.com', 'Female', '228.216.210.134'),
(818, 'Trumaine', 'Pannaman', 'tpannamanmp@quantcast.com', 'Agender', '245.43.196.126'),
(819, 'Gasparo', 'Robjant', 'grobjantmq@youku.com', 'Genderfluid', '174.156.244.58'),
(820, 'Arnold', 'Okroy', 'aokroymr@reddit.com', 'Male', '132.13.179.205'),
(821, 'Ilyssa', 'Edmott', 'iedmottms@narod.ru', 'Female', '145.8.246.30'),
(822, 'Kiel', 'Blasoni', 'kblasonimt@google.co.jp', 'Male', '152.192.6.151'),
(823, 'Barrie', 'Livezley', 'blivezleymu@amazon.co.jp', 'Female', '176.188.32.158'),
(824, 'Cammy', 'Rubbert', 'crubbertmv@hc360.com', 'Male', '60.110.119.124'),
(825, 'Norrie', 'Epton', 'neptonmw@printfriendly.com', 'Female', '65.109.20.90'),
(826, 'Millisent', 'Vasilchenko', 'mvasilchenkomx@livejournal.com', 'Female', '80.164.154.47'),
(827, 'Sybille', 'Ohrt', 'sohrtmy@telegraph.co.uk', 'Female', '27.245.166.247'),
(828, 'Janean', 'Darko', 'jdarkomz@artisteer.com', 'Bigender', '233.135.14.11'),
(829, 'Tiena', 'Perren', 'tperrenn0@hubpages.com', 'Female', '63.100.223.176'),
(830, 'Maxim', 'Di Baudi', 'mdibaudin1@fema.gov', 'Male', '226.25.17.200'),
(831, 'Adeline', 'Rossi', 'arossin2@jiathis.com', 'Female', '157.205.76.241'),
(832, 'Mitchel', 'Cuvley', 'mcuvleyn3@chicagotribune.com', 'Male', '26.102.247.249'),
(833, 'Lauraine', 'Kliesl', 'lkliesln4@trellian.com', 'Female', '247.56.7.233'),
(834, 'Nickola', 'Hymas', 'nhymasn5@icq.com', 'Agender', '40.48.14.213'),
(835, 'Goldie', 'O\'Shee', 'gosheen6@eepurl.com', 'Female', '86.49.37.21'),
(836, 'Guy', 'Bouette', 'gbouetten7@army.mil', 'Male', '83.205.146.128'),
(837, 'Nelli', 'Songhurst', 'nsonghurstn8@washington.edu', 'Female', '65.182.76.91'),
(838, 'Jacobo', 'Schwaiger', 'jschwaigern9@google.com.hk', 'Male', '104.233.170.22'),
(839, 'Bess', 'Edgley', 'bedgleyna@bbc.co.uk', 'Female', '106.36.147.154'),
(840, 'Hollyanne', 'Wadsworth', 'hwadsworthnb@wikia.com', 'Female', '110.60.168.235'),
(841, 'Regine', 'Clempton', 'rclemptonnc@goo.gl', 'Female', '45.241.213.101'),
(842, 'Joseito', 'Kinnerley', 'jkinnerleynd@cisco.com', 'Male', '252.116.46.23'),
(843, 'Sherry', 'Ryton', 'srytonne@goodreads.com', 'Female', '202.99.73.53'),
(844, 'Trixie', 'Sambrook', 'tsambrooknf@hubpages.com', 'Female', '194.148.198.26'),
(845, 'Farleigh', 'Brixham', 'fbrixhamng@google.de', 'Male', '2.49.186.142'),
(846, 'Edward', 'Skelington', 'eskelingtonnh@webeden.co.uk', 'Male', '52.111.5.13'),
(847, 'Kittie', 'Papachristophorou', 'kpapachristophorouni@livejournal.com', 'Female', '153.125.188.225'),
(848, 'Gerek', 'Payler', 'gpaylernj@ow.ly', 'Male', '159.232.208.98'),
(849, 'Molli', 'Osborn', 'mosbornnk@hostgator.com', 'Female', '14.118.219.63'),
(850, 'Borg', 'Ekless', 'beklessnl@slate.com', 'Male', '30.225.77.226'),
(851, 'Trever', 'Aynold', 'taynoldnm@blog.com', 'Male', '247.196.215.63'),
(852, 'Hanna', 'Ferrarotti', 'hferrarottinn@lycos.com', 'Female', '92.8.222.36'),
(853, 'Gene', 'Ballingal', 'gballingalno@seesaa.net', 'Bigender', '130.228.253.130'),
(854, 'Ricoriki', 'Alstead', 'ralsteadnp@princeton.edu', 'Genderfluid', '121.112.140.131'),
(855, 'Reidar', 'Blackney', 'rblackneynq@php.net', 'Male', '211.246.52.211'),
(856, 'Mozes', 'Barajas', 'mbarajasnr@mashable.com', 'Male', '6.148.233.46'),
(857, 'Katine', 'Cursey', 'kcurseyns@myspace.com', 'Female', '0.201.241.17'),
(858, 'Margeaux', 'Dymond', 'mdymondnt@wsj.com', 'Female', '66.234.207.85'),
(859, 'Timmie', 'Breming', 'tbremingnu@businessinsider.com', 'Male', '57.181.93.19'),
(860, 'Celestine', 'Moring', 'cmoringnv@weebly.com', 'Bigender', '38.228.22.153'),
(861, 'Ophelie', 'Coit', 'ocoitnw@tmall.com', 'Female', '175.108.85.60'),
(862, 'Benson', 'Doniso', 'bdonisonx@cpanel.net', 'Male', '236.69.91.151'),
(863, 'Lark', 'Biddle', 'lbiddleny@earthlink.net', 'Female', '67.150.122.211'),
(864, 'Hymie', 'Bladon', 'hbladonnz@typepad.com', 'Male', '34.88.8.135'),
(865, 'Boris', 'Wrout', 'bwrouto0@etsy.com', 'Male', '209.76.90.85'),
(866, 'Reuben', 'Andrick', 'randricko1@ifeng.com', 'Male', '186.179.62.244'),
(867, 'Joleen', 'Jedrzejewsky', 'jjedrzejewskyo2@ask.com', 'Bigender', '55.220.211.185'),
(868, 'Lanie', 'Kinner', 'lkinnero3@hc360.com', 'Female', '98.28.51.162'),
(869, 'Adolph', 'Fever', 'afevero4@webeden.co.uk', 'Male', '147.229.233.175'),
(870, 'Moore', 'Ashbey', 'mashbeyo5@usgs.gov', 'Male', '196.22.63.214'),
(871, 'Amalee', 'Sallarie', 'asallarieo6@ycombinator.com', 'Female', '185.132.80.90'),
(872, 'Grantley', 'Di Bartolommeo', 'gdibartolommeoo7@domainmarket.com', 'Male', '221.132.56.23'),
(873, 'Gardy', 'Iacobacci', 'giacobaccio8@wp.com', 'Male', '145.11.89.127'),
(874, 'Filide', 'Lanaway', 'flanawayo9@globo.com', 'Female', '211.100.19.47'),
(875, 'Giffer', 'Fretter', 'gfretteroa@privacy.gov.au', 'Male', '94.58.203.127'),
(876, 'Bailey', 'Hassin', 'bhassinob@europa.eu', 'Male', '162.199.211.47'),
(877, 'Marian', 'Matschek', 'mmatschekoc@fastcompany.com', 'Female', '140.57.228.144'),
(878, 'Hermon', 'Gianolo', 'hgianolood@cnn.com', 'Agender', '199.146.166.105'),
(879, 'Cornelius', 'Pohlak', 'cpohlakoe@sakura.ne.jp', 'Male', '43.171.241.175'),
(880, 'Mohandas', 'Eassom', 'meassomof@surveymonkey.com', 'Male', '17.206.250.139'),
(881, 'Merwyn', 'Bertomier', 'mbertomierog@360.cn', 'Male', '105.211.169.26'),
(882, 'Glyn', 'Bryceson', 'gbrycesonoh@ucla.edu', 'Female', '66.99.28.11'),
(883, 'Burl', 'Witherup', 'bwitherupoi@lycos.com', 'Male', '145.228.251.144'),
(884, 'Papagena', 'Swindles', 'pswindlesoj@nyu.edu', 'Female', '117.120.60.145'),
(885, 'Link', 'Sperski', 'lsperskiok@ted.com', 'Male', '253.181.158.127'),
(886, 'Husein', 'Thairs', 'hthairsol@addtoany.com', 'Male', '107.161.175.84'),
(887, 'Karl', 'Killelay', 'kkillelayom@unicef.org', 'Male', '238.84.32.9'),
(888, 'Franni', 'Whitmore', 'fwhitmoreon@twitpic.com', 'Female', '100.112.31.13'),
(889, 'Ingunna', 'Ashmole', 'iashmoleoo@blinklist.com', 'Female', '31.38.251.43'),
(890, 'Eleonore', 'Hlavecek', 'ehlavecekop@nsw.gov.au', 'Female', '151.155.35.176'),
(891, 'Jaymie', 'Mattheis', 'jmattheisoq@unblog.fr', 'Male', '162.192.208.230'),
(892, 'Dev', 'St. Clair', 'dstclairor@delicious.com', 'Male', '66.24.129.74'),
(893, 'Ros', 'Sallter', 'rsallteros@php.net', 'Female', '85.39.154.198'),
(894, 'Clara', 'Creegan', 'ccreeganot@webmd.com', 'Female', '36.203.89.62'),
(895, 'Valeria', 'Housden', 'vhousdenou@joomla.org', 'Female', '22.219.77.21'),
(896, 'Chane', 'Jameson', 'cjamesonov@yahoo.co.jp', 'Male', '9.184.203.130'),
(897, 'Kasper', 'Carrabot', 'kcarrabotow@umich.edu', 'Male', '159.127.203.187'),
(898, 'Henderson', 'Brittle', 'hbrittleox@fc2.com', 'Agender', '154.196.31.32'),
(899, 'Brianne', 'Gepson', 'bgepsonoy@typepad.com', 'Female', '162.62.240.95'),
(900, 'Mable', 'Dresche', 'mdrescheoz@mayoclinic.com', 'Female', '99.97.250.191'),
(901, 'Janith', 'Ambrozewicz', 'jambrozewiczp0@cisco.com', 'Female', '185.199.215.171'),
(902, 'Beverlie', 'Allibon', 'ballibonp1@cornell.edu', 'Female', '147.173.86.130'),
(903, 'Appolonia', 'Hanselmann', 'ahanselmannp2@csmonitor.com', 'Female', '56.203.124.205'),
(904, 'Shaine', 'McCormick', 'smccormickp3@eventbrite.com', 'Male', '164.2.63.81'),
(905, 'Lucienne', 'Stieger', 'lstiegerp4@people.com.cn', 'Female', '166.224.0.111'),
(906, 'Remington', 'O\'Keefe', 'rokeefep5@bigcartel.com', 'Male', '139.248.73.185'),
(907, 'Hinda', 'Daniels', 'hdanielsp6@cisco.com', 'Female', '72.148.115.129'),
(908, 'Rip', 'Vasishchev', 'rvasishchevp7@dailymail.co.uk', 'Genderqueer', '202.188.58.80'),
(909, 'Antonio', 'Ferne', 'afernep8@tamu.edu', 'Male', '131.198.209.132'),
(910, 'Reginald', 'Heinecke', 'rheineckep9@wiley.com', 'Male', '228.137.6.27'),
(911, 'Clive', 'Dudeney', 'cdudeneypa@shinystat.com', 'Male', '235.2.115.207'),
(912, 'Morgen', 'Hellin', 'mhellinpb@craigslist.org', 'Female', '103.7.91.191'),
(913, 'Elissa', 'Whitewood', 'ewhitewoodpc@odnoklassniki.ru', 'Female', '232.200.36.231'),
(914, 'Brittni', 'Gilhooly', 'bgilhoolypd@berkeley.edu', 'Female', '206.133.249.52'),
(915, 'Roi', 'Beauman', 'rbeaumanpe@howstuffworks.com', 'Male', '124.143.118.9'),
(916, 'Kristien', 'Iacobassi', 'kiacobassipf@alibaba.com', 'Female', '155.194.10.48'),
(917, 'Fulton', 'Huerta', 'fhuertapg@intel.com', 'Male', '9.240.27.178'),
(918, 'Roxanna', 'Wagnerin', 'rwagnerinph@state.tx.us', 'Female', '7.252.164.137'),
(919, 'Poppy', 'Churn', 'pchurnpi@ameblo.jp', 'Female', '170.179.183.154'),
(920, 'Alon', 'Extall', 'aextallpj@gmpg.org', 'Male', '139.76.183.128'),
(921, 'Raddy', 'Ollerearnshaw', 'rollerearnshawpk@printfriendly.com', 'Male', '255.101.180.230'),
(922, 'Korey', 'Patek', 'kpatekpl@nature.com', 'Male', '254.1.11.179'),
(923, 'Peggy', 'Godwin', 'pgodwinpm@cornell.edu', 'Female', '192.76.177.146'),
(924, 'Ivie', 'Pirnie', 'ipirniepn@4shared.com', 'Female', '94.15.95.17'),
(925, 'Lurline', 'Daniaud', 'ldaniaudpo@tumblr.com', 'Female', '194.246.217.147'),
(926, 'Rossie', 'Seville', 'rsevillepp@unblog.fr', 'Male', '95.185.108.240'),
(927, 'Dorena', 'Burhill', 'dburhillpq@house.gov', 'Female', '47.24.223.203'),
(928, 'Amaleta', 'Balcers', 'abalcerspr@jalbum.net', 'Female', '94.236.6.121'),
(929, 'Tamara', 'Rapelli', 'trapellips@hc360.com', 'Female', '138.235.91.197'),
(930, 'Terrel', 'McEntagart', 'tmcentagartpt@illinois.edu', 'Polygender', '210.92.208.50'),
(931, 'Enrica', 'Templar', 'etemplarpu@ezinearticles.com', 'Female', '199.86.44.197'),
(932, 'Pat', 'Salan', 'psalanpv@amazon.co.jp', 'Agender', '143.122.53.219'),
(933, 'Abby', 'Bartels-Ellis', 'abartelsellispw@is.gd', 'Agender', '75.123.94.247'),
(934, 'Diahann', 'Duesbury', 'dduesburypx@mozilla.org', 'Female', '87.254.58.141'),
(935, 'Wilfrid', 'Gudeman', 'wgudemanpy@nbcnews.com', 'Male', '75.62.229.61'),
(936, 'Ava', 'Bixley', 'abixleypz@dmoz.org', 'Female', '129.80.66.167'),
(937, 'Hilliary', 'Keel', 'hkeelq0@columbia.edu', 'Female', '212.221.221.29'),
(938, 'Elnore', 'Hallad', 'ehalladq1@miitbeian.gov.cn', 'Female', '80.211.223.145'),
(939, 'Lizzie', 'Gribbins', 'lgribbinsq2@thetimes.co.uk', 'Female', '200.53.70.112'),
(940, 'Damaris', 'Chrystie', 'dchrystieq3@wix.com', 'Female', '0.151.87.121'),
(941, 'Lorrie', 'Peacocke', 'lpeacockeq4@cyberchimps.com', 'Female', '161.60.201.112'),
(942, 'Zara', 'Worton', 'zwortonq5@pcworld.com', 'Genderqueer', '60.226.47.97'),
(943, 'Kellie', 'Dumbrell', 'kdumbrellq6@uiuc.edu', 'Female', '159.149.192.183'),
(944, 'Tull', 'Pellatt', 'tpellattq7@soup.io', 'Non-binary', '27.42.27.243'),
(945, 'Thaine', 'Miklem', 'tmiklemq8@gravatar.com', 'Male', '172.17.83.44'),
(946, 'Norene', 'Skea', 'nskeaq9@senate.gov', 'Female', '50.210.21.135'),
(947, 'Isadore', 'Breslin', 'ibreslinqa@sakura.ne.jp', 'Male', '62.65.150.159'),
(948, 'Odo', 'Treker', 'otrekerqb@topsy.com', 'Male', '103.0.63.169'),
(949, 'Jaquenette', 'Flowerdew', 'jflowerdewqc@jugem.jp', 'Female', '108.136.151.226'),
(950, 'Cariotta', 'Wanne', 'cwanneqd@deliciousdays.com', 'Female', '70.80.27.137'),
(951, 'Kasper', 'MacGruer', 'kmacgruerqe@ftc.gov', 'Male', '142.155.213.145'),
(952, 'Toma', 'Duffy', 'tduffyqf@networkadvertising.org', 'Female', '58.119.134.231'),
(953, 'Darnell', 'Manz', 'dmanzqg@auda.org.au', 'Male', '224.242.175.236'),
(954, 'Thorny', 'Coltman', 'tcoltmanqh@lulu.com', 'Male', '238.206.6.69'),
(955, 'Carmine', 'Loughead', 'clougheadqi@yale.edu', 'Male', '11.130.119.72'),
(956, 'Elianora', 'Van Oord', 'evanoordqj@blogger.com', 'Female', '35.94.148.228'),
(957, 'Winslow', 'McCrossan', 'wmccrossanqk@paypal.com', 'Male', '135.143.198.151'),
(958, 'Barnett', 'Callendar', 'bcallendarql@blogs.com', 'Male', '147.218.192.191'),
(959, 'Russ', 'Wrightham', 'rwrighthamqm@google.com.hk', 'Male', '49.32.49.31'),
(960, 'Niel', 'Easter', 'neasterqn@cocolog-nifty.com', 'Male', '12.195.229.92'),
(961, 'Crissy', 'Lathe', 'clatheqo@sogou.com', 'Female', '15.206.158.22'),
(962, 'Hayyim', 'Cicerone', 'hciceroneqp@oakley.com', 'Polygender', '134.42.159.181'),
(963, 'Godard', 'MacBrearty', 'gmacbreartyqq@forbes.com', 'Male', '135.157.248.250'),
(964, 'Ailey', 'Witty', 'awittyqr@prlog.org', 'Female', '245.163.173.206'),
(965, 'Thorpe', 'Jurek', 'tjurekqs@example.com', 'Male', '33.21.177.78'),
(966, 'Claudetta', 'Mechi', 'cmechiqt@discuz.net', 'Female', '234.140.253.86'),
(967, 'Sibeal', 'Franceschelli', 'sfranceschelliqu@state.tx.us', 'Female', '96.133.168.1'),
(968, 'Emilee', 'Bartlett', 'ebartlettqv@photobucket.com', 'Polygender', '213.169.4.190'),
(969, 'Becka', 'Hackworthy', 'bhackworthyqw@sun.com', 'Female', '1.141.173.9'),
(970, 'Duffie', 'Bastick', 'dbastickqx@globo.com', 'Male', '172.22.249.63'),
(971, 'Cobbie', 'Elphinstone', 'celphinstoneqy@w3.org', 'Male', '97.42.230.92'),
(972, 'Hamilton', 'Whistlecraft', 'hwhistlecraftqz@comcast.net', 'Male', '218.225.93.53'),
(973, 'Cosme', 'Badder', 'cbadderr0@newyorker.com', 'Male', '238.32.88.114'),
(974, 'Richart', 'Kix', 'rkixr1@guardian.co.uk', 'Male', '134.213.67.200'),
(975, 'Giusto', 'Morais', 'gmoraisr2@jalbum.net', 'Male', '217.138.132.52'),
(976, 'Georgetta', 'Charkham', 'gcharkhamr3@sourceforge.net', 'Female', '106.190.212.44'),
(977, 'Fee', 'Northridge', 'fnorthridger4@myspace.com', 'Male', '238.202.90.64'),
(978, 'Mab', 'Gauthorpp', 'mgauthorppr5@forbes.com', 'Female', '97.232.125.206'),
(979, 'Shepherd', 'Chawner', 'schawnerr6@sitemeter.com', 'Male', '20.57.173.161'),
(980, 'Joelle', 'Mellor', 'jmellorr7@feedburner.com', 'Female', '173.129.209.3'),
(981, 'Pauli', 'Dubois', 'pduboisr8@hc360.com', 'Female', '246.24.111.83'),
(982, 'Jemmy', 'Lampens', 'jlampensr9@google.nl', 'Female', '125.156.171.243'),
(983, 'Rutter', 'Faill', 'rfaillra@cam.ac.uk', 'Non-binary', '53.248.61.184'),
(984, 'Nolan', 'Lurcock', 'nlurcockrb@dailymotion.com', 'Male', '246.80.75.235'),
(985, 'Donovan', 'Bruckenthal', 'dbruckenthalrc@ibm.com', 'Male', '196.83.243.147'),
(986, 'Holli', 'Ahmed', 'hahmedrd@altervista.org', 'Female', '158.53.45.239'),
(987, 'Marlyn', 'Schouthede', 'mschouthedere@examiner.com', 'Female', '80.21.22.210'),
(988, 'Clarey', 'Richardeau', 'crichardeaurf@abc.net.au', 'Female', '243.152.154.185'),
(989, 'Corenda', 'Hames', 'chamesrg@g.co', 'Agender', '15.242.118.159'),
(990, 'Rosemonde', 'Titheridge', 'rtitheridgerh@theglobeandmail.com', 'Polygender', '210.196.100.191'),
(991, 'Nial', 'Venus', 'nvenusri@icio.us', 'Male', '245.85.183.59'),
(992, 'Janella', 'Toynbee', 'jtoynbeerj@loc.gov', 'Female', '119.249.8.215'),
(993, 'Gustave', 'Tilne', 'gtilnerk@intel.com', 'Male', '63.56.2.118'),
(994, 'Patsy', 'Gatty', 'pgattyrl@admin.ch', 'Male', '13.38.157.247'),
(995, 'Godiva', 'O\' Quirk', 'goquirkrm@irs.gov', 'Female', '152.86.22.191'),
(996, 'Brooke', 'Belchem', 'bbelchemrn@wordpress.com', 'Male', '207.195.74.139'),
(997, 'Maynord', 'Warre', 'mwarrero@taobao.com', 'Male', '99.237.26.16'),
(998, 'Zacharia', 'Cooney', 'zcooneyrp@mit.edu', 'Male', '3.121.20.21'),
(999, 'Sydel', 'Marking', 'smarkingrq@youku.com', 'Female', '215.51.103.231'),
(1000, 'Leupold', 'Monte', 'lmonterr@biblegateway.com', 'Male', '75.45.132.9');

-- --------------------------------------------------------

--
-- Table structure for table `notifications`
--

CREATE TABLE `notifications` (
  `notif_id` int(11) NOT NULL,
  `notif_text` varchar(255) NOT NULL,
  `notif_owner` int(11) NOT NULL,
  `req_id` int(11) DEFAULT NULL,
  `item_id` int(11) DEFAULT NULL,
  `notif_date` datetime DEFAULT NULL,
  `isNew` int(11) NOT NULL
) ENGINE=InnoDB DEFAULT CHARSET=utf8mb4 COLLATE=utf8mb4_general_ci;

-- --------------------------------------------------------

--
-- Table structure for table `par`
--

CREATE TABLE `par` (
  `par_id` int(11) NOT NULL,
  `par_owner` int(11) NOT NULL,
  `par_item` int(11) NOT NULL,
  `jan` int(11) NOT NULL DEFAULT 0,
  `feb` int(11) NOT NULL,
  `mar` int(11) NOT NULL,
  `apr` int(11) NOT NULL,
  `may` int(11) NOT NULL,
  `june` int(11) NOT NULL,
  `july` int(11) NOT NULL,
  `aug` int(11) NOT NULL,
  `sep` int(11) NOT NULL,
  `oct` int(11) NOT NULL,
  `nov` int(11) NOT NULL,
  `decem` int(11) NOT NULL,
  `par_quantity` int(11) NOT NULL,
  `par_status` int(11) NOT NULL,
  `par_added_date` datetime DEFAULT NULL,
  `par_date_sent` datetime DEFAULT NULL,
  `supplies_response` datetime DEFAULT NULL,
  `par_released_date` datetime DEFAULT NULL
) ENGINE=InnoDB DEFAULT CHARSET=utf8mb4 COLLATE=utf8mb4_general_ci;

--
-- Dumping data for table `par`
--

INSERT INTO `par` (`par_id`, `par_owner`, `par_item`, `jan`, `feb`, `mar`, `apr`, `may`, `june`, `july`, `aug`, `sep`, `oct`, `nov`, `decem`, `par_quantity`, `par_status`, `par_added_date`, `par_date_sent`, `supplies_response`, `par_released_date`) VALUES
(76, 6, 30, 1, 1, 0, 0, 0, 0, 0, 0, 0, 0, 0, 0, 2, 3, '2023-01-31 08:07:39', '2023-01-31 08:09:06', '2023-01-31 08:10:30', NULL),
(77, 6, 35, 2, 1, 4, 3, 0, 0, 0, 0, 0, 0, 0, 0, 10, 3, '2023-01-31 08:07:53', '2023-01-31 08:09:06', '2023-01-31 08:10:30', NULL),
(78, 6, 32, 5, 3, 2, 0, 0, 0, 0, 0, 0, 0, 0, 0, 10, 3, '2023-01-31 08:08:00', '2023-01-31 08:09:06', '2023-01-31 08:10:30', NULL),
(80, 17, 29, 1, 1, 0, 0, 0, 0, 0, 0, 0, 0, 0, 0, 2, 1, '2023-01-31 08:21:59', NULL, '2023-02-12 03:51:08', NULL),
(81, 17, 26, 0, 1, 2, 0, 0, 0, 0, 0, 0, 0, 0, 0, 2, 1, '2023-01-31 08:22:03', NULL, '2023-02-12 03:51:08', NULL),
(82, 17, 33, 0, 2, 0, 0, 0, 0, 0, 0, 0, 0, 0, 0, 2, 1, '2023-01-31 08:22:06', NULL, '2023-02-12 03:51:08', NULL),
(91, 15, 30, 1, 2, 2, 1, 0, 0, 0, 0, 0, 0, 0, 0, 6, 3, '2023-02-11 07:44:13', '2023-02-11 07:45:05', '2023-02-12 04:01:02', NULL),
(92, 15, 29, 1, 1, 0, 0, 1, 0, 0, 0, 0, 0, 0, 0, 3, 3, '2023-02-11 07:44:36', '2023-02-11 07:45:05', '2023-02-12 04:01:02', NULL),
(93, 8, 36, 1, 2, 2, 2, 0, 0, 0, 0, 0, 0, 0, 0, 7, 1, '2023-02-11 07:46:38', NULL, NULL, NULL),
(94, 7, 30, 1, 1, 0, 0, 2, 0, 0, 2, 0, 0, 0, 0, 6, 1, '2023-02-12 04:53:59', NULL, NULL, NULL),
(95, 13, 30, 1, 2, 1, 2, 1, 0, 0, 0, 0, 0, 0, 0, 7, 1, '2023-02-12 03:29:06', NULL, NULL, NULL),
(96, 17, 38, 1, 1, 0, 0, 1, 0, 0, 0, 0, 0, 0, 0, 3, 1, '2023-02-12 03:50:01', NULL, '2023-02-12 03:51:08', NULL);

-- --------------------------------------------------------

--
-- Table structure for table `request`
--

CREATE TABLE `request` (
  `request_id` int(11) NOT NULL,
  `requested_by` int(11) NOT NULL,
  `item_type` int(11) NOT NULL,
  `total_item` int(11) DEFAULT NULL,
  `item` int(11) DEFAULT NULL,
  `req_quantity` int(11) DEFAULT NULL,
  `chair_status` int(11) DEFAULT NULL,
  `deptHead_status` int(11) DEFAULT NULL,
  `deptHead_response_date` datetime DEFAULT NULL,
  `chair_response_date` datetime DEFAULT NULL,
  `dean_status` int(11) DEFAULT NULL,
  `dean_response_date` datetime DEFAULT NULL,
  `ced_status` int(11) DEFAULT NULL,
  `ced_response_date` date DEFAULT NULL,
  `supplies_admin_status` int(11) DEFAULT NULL,
  `supplies_response_date` datetime DEFAULT NULL,
  `claim_status` int(11) DEFAULT NULL,
  `request_date` datetime DEFAULT NULL,
  `claimed_date` datetime DEFAULT NULL,
  `returned_date` datetime DEFAULT NULL,
  `remarks` varchar(255) DEFAULT NULL,
  `is_cancelled` int(11) NOT NULL,
  `date_cancelled` datetime DEFAULT NULL,
  `deducted` int(11) DEFAULT NULL
) ENGINE=InnoDB DEFAULT CHARSET=utf8mb4 COLLATE=utf8mb4_general_ci;

--
-- Dumping data for table `request`
--

INSERT INTO `request` (`request_id`, `requested_by`, `item_type`, `total_item`, `item`, `req_quantity`, `chair_status`, `deptHead_status`, `deptHead_response_date`, `chair_response_date`, `dean_status`, `dean_response_date`, `ced_status`, `ced_response_date`, `supplies_admin_status`, `supplies_response_date`, `claim_status`, `request_date`, `claimed_date`, `returned_date`, `remarks`, `is_cancelled`, `date_cancelled`, `deducted`) VALUES
(112, 9, 2, 1, NULL, NULL, 2, NULL, NULL, '2023-02-08 06:04:31', 2, '2023-02-09 01:18:50', 2, '2023-02-12', 3, '2023-02-12 05:57:07', NULL, '2023-02-08 04:24:34', NULL, NULL, 'Nothing', 0, NULL, 1),
(113, 9, 2, 1, NULL, NULL, 2, NULL, NULL, '2023-02-08 05:54:57', 2, '2023-02-09 11:59:05', 2, '2023-02-10', 2, '2023-02-11 02:52:10', 2, '2023-02-08 04:54:12', NULL, NULL, NULL, 0, NULL, NULL),
(114, 9, 1, 1, NULL, NULL, NULL, NULL, NULL, NULL, NULL, NULL, NULL, NULL, 2, '2023-02-11 02:52:07', 2, '2023-02-09 10:40:11', NULL, NULL, NULL, 0, NULL, NULL),
(115, 10, 2, 2, NULL, NULL, 2, NULL, NULL, '2023-02-09 11:40:18', 2, '2023-02-12 05:55:26', 2, '2023-02-12', 3, '2023-02-12 05:56:57', NULL, '2023-02-09 10:41:50', NULL, NULL, 'None', 0, NULL, 1),
(116, 10, 1, 1, NULL, NULL, NULL, NULL, NULL, NULL, NULL, NULL, NULL, NULL, 3, '2023-02-09 11:21:48', NULL, '2023-02-09 10:41:55', NULL, NULL, 'None', 0, NULL, 1),
(117, 14, 2, 1, NULL, NULL, NULL, 2, '2023-02-12 06:06:46', NULL, NULL, NULL, NULL, NULL, 2, '2023-02-12 06:28:32', 1, '2023-02-10 12:12:34', NULL, NULL, NULL, 0, NULL, NULL),
(118, 14, 2, 1, NULL, NULL, NULL, 2, '2023-02-10 12:17:50', NULL, NULL, NULL, NULL, NULL, 2, '2023-02-11 02:52:03', 2, '2023-02-10 12:12:43', NULL, NULL, NULL, 0, NULL, NULL),
(119, 12, 1, 2, NULL, NULL, NULL, NULL, NULL, NULL, NULL, NULL, NULL, NULL, 2, '2023-02-11 03:00:38', 2, '2023-02-11 02:57:38', NULL, NULL, NULL, 0, NULL, NULL),
(120, 15, 1, 2, NULL, NULL, NULL, NULL, NULL, NULL, NULL, NULL, NULL, NULL, 2, '2023-02-11 03:00:35', 2, '2023-02-11 02:59:36', NULL, NULL, NULL, 0, NULL, NULL),
(121, 9, 2, 1, NULL, NULL, 1, NULL, NULL, NULL, NULL, NULL, NULL, NULL, NULL, NULL, NULL, '2023-02-12 05:46:46', NULL, NULL, NULL, 0, NULL, NULL),
(122, 9, 1, 1, NULL, NULL, NULL, NULL, NULL, NULL, NULL, NULL, NULL, NULL, 2, '2023-02-12 06:28:29', 2, '2023-02-12 05:57:44', NULL, NULL, NULL, 0, NULL, NULL),
(123, 14, 2, 1, NULL, NULL, NULL, 2, '2023-02-12 06:12:37', NULL, NULL, NULL, NULL, NULL, 2, '2023-02-12 06:28:27', 2, '2023-02-12 06:07:15', NULL, NULL, NULL, 0, NULL, NULL);

-- --------------------------------------------------------

--
-- Table structure for table `request_status`
--

CREATE TABLE `request_status` (
  `request_status_id` int(11) NOT NULL,
  `req_status_description` varchar(255) NOT NULL
) ENGINE=InnoDB DEFAULT CHARSET=utf8mb4 COLLATE=utf8mb4_general_ci;

--
-- Dumping data for table `request_status`
--

INSERT INTO `request_status` (`request_status_id`, `req_status_description`) VALUES
(1, 'Pending'),
(2, 'Approved'),
(3, 'Disapproved');

-- --------------------------------------------------------

--
-- Table structure for table `role`
--

CREATE TABLE `role` (
  `role_id` int(11) NOT NULL,
  `description` varchar(255) NOT NULL
) ENGINE=InnoDB DEFAULT CHARSET=utf8mb4 COLLATE=utf8mb4_general_ci;

--
-- Dumping data for table `role`
--

INSERT INTO `role` (`role_id`, `description`) VALUES
(1, 'Campus Admin'),
(2, 'Supplies Admin'),
(3, 'Department Chair'),
(4, 'Dean'),
(5, 'CED'),
(6, 'Teaching Staff'),
(7, 'Non-Teaching Staff\n'),
(8, 'Non-Teaching Head');

-- --------------------------------------------------------

--
-- Table structure for table `suppliers`
--

CREATE TABLE `suppliers` (
  `supplier_id` int(11) NOT NULL,
  `supplier_name` varchar(255) DEFAULT NULL,
  `isAvailable` int(11) DEFAULT NULL,
  `date_added` datetime DEFAULT NULL
) ENGINE=InnoDB DEFAULT CHARSET=utf8mb4 COLLATE=utf8mb4_general_ci;

--
-- Dumping data for table `suppliers`
--

INSERT INTO `suppliers` (`supplier_id`, `supplier_name`, `isAvailable`, `date_added`) VALUES
(39, 'Deorose Office Supplies', 1, '2023-01-20 10:49:49'),
(40, 'SHL Supplies', 1, '2023-01-20 10:50:00'),
(41, 'PTLs School Supplies', 1, '2023-01-20 10:52:18'),
(42, '3M Office Supplies and Equipment Trading', 1, '2023-01-21 07:28:48'),
(43, 'JOFIG ENTERPRISE', 1, '2023-01-30 11:20:36');

-- --------------------------------------------------------

--
-- Table structure for table `user`
--

CREATE TABLE `user` (
  `id` int(11) NOT NULL,
  `role` int(11) NOT NULL,
  `username` varchar(255) NOT NULL,
  `password` varchar(255) NOT NULL,
  `firstName` varchar(255) NOT NULL,
  `lastName` varchar(255) NOT NULL,
  `email` varchar(255) NOT NULL,
  `department` int(11) DEFAULT NULL,
  `is_allowed` int(11) DEFAULT NULL
) ENGINE=InnoDB DEFAULT CHARSET=utf8mb4 COLLATE=utf8mb4_general_ci;

--
-- Dumping data for table `user`
--

INSERT INTO `user` (`id`, `role`, `username`, `password`, `firstName`, `lastName`, `email`, `department`, `is_allowed`) VALUES
(1, 1, 'campus.admin@user', 'bdc87b9c894da5168059e00ebffb9077', 'Jean', 'Cortez', 'juancruz@gmail.com', 6, 1),
(2, 2, 'supplies.admin@user', 'bdc87b9c894da5168059e00ebffb9077', 'James', 'Mark', 'jamesmark@gmail.com', 5, 1),
(6, 3, 'nathanielcruz@user', 'bdc87b9c894da5168059e00ebffb9077', 'Nathaniel', 'Cruz', 'nathanielcruz@gmail.com', 1, 1),
(7, 4, 'dean@user', 'bdc87b9c894da5168059e00ebffb9077', 'Peter', 'Aquino', 'peteraquino@gmail.com', 6, 1),
(8, 5, 'ced@user', 'bdc87b9c894da5168059e00ebffb9077', 'Henry', 'Cuerva', 'henrycuerva@gmail.com', 6, 1),
(9, 6, 'jeromesalas@user', 'bdc87b9c894da5168059e00ebffb9077', 'Jerome', 'Salas', 'jeromesalas@gmail.com', 1, 1),
(10, 6, 'mayvillanueva@user', 'bdc87b9c894da5168059e00ebffb9077', 'May', 'Villanueva', 'mayvillanueava@gmail.com', 1, 1),
(12, 6, 'janedizon@user', 'bdc87b9c894da5168059e00ebffb9077', 'Jane', 'Dizon', 'janedizon@gmail.com', 2, 1),
(13, 8, 'davebautista@user', 'bdc87b9c894da5168059e00ebffb9077', 'Dave', 'Bautista', 'davebautista@gmail.com', 3, 1),
(14, 7, 'blessycruz@user', 'bdc87b9c894da5168059e00ebffb9077', 'Blessy', 'Cruz', 'blessycruz@gmail.com', 3, 1),
(15, 8, 'cherryfernandez@user', 'bdc87b9c894da5168059e00ebffb9077', 'Cherry', 'Fernandez', 'cherryfernandez@gmail.com', 4, 1),
(16, 7, 'annehernando@user', 'bdc87b9c894da5168059e00ebffb9077', 'Anne', 'Hernando', 'annehernando@gmail.com', 4, 1),
(17, 3, 'joncarado@user', 'bdc87b9c894da5168059e00ebffb9077', 'Jon', 'Carado', 'joncarado@gmail.com', 2, 1),
(21, 6, 'jennycruz@user', 'bdc87b9c894da5168059e00ebffb9077', 'Jenny', 'Cruz', 'jennycruz@gmail.com', 2, 1),
(22, 3, 'michaeldevera@user', 'bdc87b9c894da5168059e00ebffb9077', 'Michael', 'De Vera', 'michaeldevera@gmail.com', 31, 1),
(29, 6, 'bengarcia@user', 'bdc87b9c894da5168059e00ebffb9077', 'Ben', 'Garcia', 'bengarcia@gmail.com', 2, 1),
(30, 7, 'glenpalaganas@user', 'bdc87b9c894da5168059e00ebffb9077', 'Glen', 'Palaganas', 'glenpalaganas@gmail.com', 3, 1);

-- --------------------------------------------------------

--
-- Table structure for table `user_type`
--

CREATE TABLE `user_type` (
  `user_type_id` int(11) NOT NULL,
  `user_type_description` varchar(255) NOT NULL
) ENGINE=InnoDB DEFAULT CHARSET=utf8mb4 COLLATE=utf8mb4_general_ci;

--
-- Dumping data for table `user_type`
--

INSERT INTO `user_type` (`user_type_id`, `user_type_description`) VALUES
(1, 'Campus Admin'),
(2, 'Supplies Admin'),
(3, 'CED'),
(4, 'Dean'),
(5, 'Chairperson'),
(6, 'Teaching Staff'),
(7, 'None-Teaching Staff');

--
-- Indexes for dumped tables
--

--
-- Indexes for table `analysis`
--
ALTER TABLE `analysis`
  ADD PRIMARY KEY (`an_id`),
  ADD KEY `prod_id` (`prod_id`);

--
-- Indexes for table `categories`
--
ALTER TABLE `categories`
  ADD PRIMARY KEY (`cat_id`),
  ADD KEY `itemtype` (`itemtype`);

--
-- Indexes for table `claim_status`
--
ALTER TABLE `claim_status`
  ADD PRIMARY KEY (`claim_status_id`);

--
-- Indexes for table `critical`
--
ALTER TABLE `critical`
  ADD PRIMARY KEY (`id`);

--
-- Indexes for table `department`
--
ALTER TABLE `department`
  ADD PRIMARY KEY (`department_id`);

--
-- Indexes for table `items`
--
ALTER TABLE `items`
  ADD PRIMARY KEY (`item_id`),
  ADD KEY `item_type` (`item_type`),
  ADD KEY `item_category` (`item_category`),
  ADD KEY `measurement` (`measurement`),
  ADD KEY `supplier` (`supplier`);

--
-- Indexes for table `itemtype`
--
ALTER TABLE `itemtype`
  ADD PRIMARY KEY (`id`);

--
-- Indexes for table `list`
--
ALTER TABLE `list`
  ADD PRIMARY KEY (`list_id`),
  ADD KEY `owner` (`owner`),
  ADD KEY `item` (`item`),
  ADD KEY `item_type` (`item_type`),
  ADD KEY `request_id` (`request_id`);

--
-- Indexes for table `log`
--
ALTER TABLE `log`
  ADD PRIMARY KEY (`log_id`);

--
-- Indexes for table `measurement`
--
ALTER TABLE `measurement`
  ADD PRIMARY KEY (`id`);

--
-- Indexes for table `mock`
--
ALTER TABLE `mock`
  ADD PRIMARY KEY (`id`);

--
-- Indexes for table `notifications`
--
ALTER TABLE `notifications`
  ADD PRIMARY KEY (`notif_id`),
  ADD KEY `notif_owner` (`notif_owner`),
  ADD KEY `req_id` (`req_id`),
  ADD KEY `item_id` (`item_id`);

--
-- Indexes for table `par`
--
ALTER TABLE `par`
  ADD PRIMARY KEY (`par_id`),
  ADD KEY `par_owner` (`par_owner`),
  ADD KEY `par_item` (`par_item`);

--
-- Indexes for table `request`
--
ALTER TABLE `request`
  ADD PRIMARY KEY (`request_id`),
  ADD KEY `requested_by` (`requested_by`),
  ADD KEY `item_type` (`item_type`),
  ADD KEY `item` (`item`),
  ADD KEY `chair_status` (`chair_status`),
  ADD KEY `dean_status` (`dean_status`),
  ADD KEY `ced_status` (`ced_status`),
  ADD KEY `supplies_admin_status` (`supplies_admin_status`),
  ADD KEY `claim_status` (`claim_status`),
  ADD KEY `deptHead_status` (`deptHead_status`);

--
-- Indexes for table `request_status`
--
ALTER TABLE `request_status`
  ADD PRIMARY KEY (`request_status_id`);

--
-- Indexes for table `role`
--
ALTER TABLE `role`
  ADD PRIMARY KEY (`role_id`);

--
-- Indexes for table `suppliers`
--
ALTER TABLE `suppliers`
  ADD PRIMARY KEY (`supplier_id`);

--
-- Indexes for table `user`
--
ALTER TABLE `user`
  ADD PRIMARY KEY (`id`),
  ADD KEY `role` (`role`),
  ADD KEY `department` (`department`);

--
-- Indexes for table `user_type`
--
ALTER TABLE `user_type`
  ADD PRIMARY KEY (`user_type_id`);

--
-- AUTO_INCREMENT for dumped tables
--

--
-- AUTO_INCREMENT for table `analysis`
--
ALTER TABLE `analysis`
  MODIFY `an_id` int(11) NOT NULL AUTO_INCREMENT, AUTO_INCREMENT=393;

--
-- AUTO_INCREMENT for table `categories`
--
ALTER TABLE `categories`
  MODIFY `cat_id` int(11) NOT NULL AUTO_INCREMENT, AUTO_INCREMENT=35;

--
-- AUTO_INCREMENT for table `claim_status`
--
ALTER TABLE `claim_status`
  MODIFY `claim_status_id` int(11) NOT NULL AUTO_INCREMENT, AUTO_INCREMENT=4;

--
-- AUTO_INCREMENT for table `critical`
--
ALTER TABLE `critical`
  MODIFY `id` int(11) NOT NULL AUTO_INCREMENT, AUTO_INCREMENT=2;

--
-- AUTO_INCREMENT for table `department`
--
ALTER TABLE `department`
  MODIFY `department_id` int(11) NOT NULL AUTO_INCREMENT, AUTO_INCREMENT=33;

--
-- AUTO_INCREMENT for table `items`
--
ALTER TABLE `items`
  MODIFY `item_id` int(11) NOT NULL AUTO_INCREMENT, AUTO_INCREMENT=40;

--
-- AUTO_INCREMENT for table `itemtype`
--
ALTER TABLE `itemtype`
  MODIFY `id` int(11) NOT NULL AUTO_INCREMENT, AUTO_INCREMENT=3;

--
-- AUTO_INCREMENT for table `list`
--
ALTER TABLE `list`
  MODIFY `list_id` int(11) NOT NULL AUTO_INCREMENT, AUTO_INCREMENT=180;

--
-- AUTO_INCREMENT for table `log`
--
ALTER TABLE `log`
  MODIFY `log_id` int(11) NOT NULL AUTO_INCREMENT, AUTO_INCREMENT=98;

--
-- AUTO_INCREMENT for table `measurement`
--
ALTER TABLE `measurement`
  MODIFY `id` int(11) NOT NULL AUTO_INCREMENT, AUTO_INCREMENT=15;

--
-- AUTO_INCREMENT for table `mock`
--
ALTER TABLE `mock`
  MODIFY `id` int(11) NOT NULL AUTO_INCREMENT, AUTO_INCREMENT=1001;

--
-- AUTO_INCREMENT for table `par`
--
ALTER TABLE `par`
  MODIFY `par_id` int(11) NOT NULL AUTO_INCREMENT, AUTO_INCREMENT=97;

--
-- AUTO_INCREMENT for table `request`
--
ALTER TABLE `request`
  MODIFY `request_id` int(11) NOT NULL AUTO_INCREMENT, AUTO_INCREMENT=124;

--
-- AUTO_INCREMENT for table `request_status`
--
ALTER TABLE `request_status`
  MODIFY `request_status_id` int(11) NOT NULL AUTO_INCREMENT, AUTO_INCREMENT=4;

--
-- AUTO_INCREMENT for table `role`
--
ALTER TABLE `role`
  MODIFY `role_id` int(11) NOT NULL AUTO_INCREMENT, AUTO_INCREMENT=9;

--
-- AUTO_INCREMENT for table `suppliers`
--
ALTER TABLE `suppliers`
  MODIFY `supplier_id` int(11) NOT NULL AUTO_INCREMENT, AUTO_INCREMENT=44;

--
-- AUTO_INCREMENT for table `user`
--
ALTER TABLE `user`
  MODIFY `id` int(11) NOT NULL AUTO_INCREMENT, AUTO_INCREMENT=31;

--
-- AUTO_INCREMENT for table `user_type`
--
ALTER TABLE `user_type`
  MODIFY `user_type_id` int(11) NOT NULL AUTO_INCREMENT, AUTO_INCREMENT=8;

--
-- Constraints for dumped tables
--

--
-- Constraints for table `analysis`
--
ALTER TABLE `analysis`
  ADD CONSTRAINT `analysis_ibfk_1` FOREIGN KEY (`prod_id`) REFERENCES `items` (`item_id`);

--
-- Constraints for table `categories`
--
ALTER TABLE `categories`
  ADD CONSTRAINT `categories_ibfk_1` FOREIGN KEY (`itemtype`) REFERENCES `itemtype` (`id`);

--
-- Constraints for table `items`
--
ALTER TABLE `items`
  ADD CONSTRAINT `items_ibfk_1` FOREIGN KEY (`item_type`) REFERENCES `itemtype` (`id`),
  ADD CONSTRAINT `items_ibfk_2` FOREIGN KEY (`item_category`) REFERENCES `categories` (`cat_id`),
  ADD CONSTRAINT `items_ibfk_3` FOREIGN KEY (`measurement`) REFERENCES `measurement` (`id`),
  ADD CONSTRAINT `items_ibfk_4` FOREIGN KEY (`supplier`) REFERENCES `suppliers` (`supplier_id`);

--
-- Constraints for table `list`
--
ALTER TABLE `list`
  ADD CONSTRAINT `list_ibfk_1` FOREIGN KEY (`owner`) REFERENCES `user` (`id`),
  ADD CONSTRAINT `list_ibfk_2` FOREIGN KEY (`item`) REFERENCES `items` (`item_id`),
  ADD CONSTRAINT `list_ibfk_3` FOREIGN KEY (`item_type`) REFERENCES `itemtype` (`id`),
  ADD CONSTRAINT `list_ibfk_4` FOREIGN KEY (`request_id`) REFERENCES `request` (`request_id`);

--
-- Constraints for table `notifications`
--
ALTER TABLE `notifications`
  ADD CONSTRAINT `notifications_ibfk_1` FOREIGN KEY (`notif_owner`) REFERENCES `user` (`id`),
  ADD CONSTRAINT `notifications_ibfk_2` FOREIGN KEY (`req_id`) REFERENCES `request` (`request_id`),
  ADD CONSTRAINT `notifications_ibfk_3` FOREIGN KEY (`item_id`) REFERENCES `items` (`item_id`);

--
-- Constraints for table `par`
--
ALTER TABLE `par`
  ADD CONSTRAINT `par_ibfk_1` FOREIGN KEY (`par_owner`) REFERENCES `user` (`id`),
  ADD CONSTRAINT `par_ibfk_2` FOREIGN KEY (`par_item`) REFERENCES `items` (`item_id`);

--
-- Constraints for table `request`
--
ALTER TABLE `request`
  ADD CONSTRAINT `request_ibfk_1` FOREIGN KEY (`requested_by`) REFERENCES `user` (`id`),
  ADD CONSTRAINT `request_ibfk_2` FOREIGN KEY (`item_type`) REFERENCES `itemtype` (`id`),
  ADD CONSTRAINT `request_ibfk_3` FOREIGN KEY (`item`) REFERENCES `items` (`item_id`),
  ADD CONSTRAINT `request_ibfk_4` FOREIGN KEY (`chair_status`) REFERENCES `request_status` (`request_status_id`),
  ADD CONSTRAINT `request_ibfk_5` FOREIGN KEY (`dean_status`) REFERENCES `request_status` (`request_status_id`),
  ADD CONSTRAINT `request_ibfk_6` FOREIGN KEY (`ced_status`) REFERENCES `request_status` (`request_status_id`),
  ADD CONSTRAINT `request_ibfk_7` FOREIGN KEY (`supplies_admin_status`) REFERENCES `request_status` (`request_status_id`),
  ADD CONSTRAINT `request_ibfk_8` FOREIGN KEY (`claim_status`) REFERENCES `claim_status` (`claim_status_id`),
  ADD CONSTRAINT `request_ibfk_9` FOREIGN KEY (`deptHead_status`) REFERENCES `request_status` (`request_status_id`);

--
-- Constraints for table `user`
--
ALTER TABLE `user`
  ADD CONSTRAINT `user_ibfk_1` FOREIGN KEY (`role`) REFERENCES `role` (`role_id`),
  ADD CONSTRAINT `user_ibfk_2` FOREIGN KEY (`department`) REFERENCES `department` (`department_id`);
COMMIT;

/*!40101 SET CHARACTER_SET_CLIENT=@OLD_CHARACTER_SET_CLIENT */;
/*!40101 SET CHARACTER_SET_RESULTS=@OLD_CHARACTER_SET_RESULTS */;
/*!40101 SET COLLATION_CONNECTION=@OLD_COLLATION_CONNECTION */;
